,original_id,sequence_length,x,y,z
e9a2078888b3f6cafe133768619215bc,Q8IVG9,24,7.7406745,9.777424,7.7351093
db2666bfd81ead3216879eedf5b6b31c,P85800,32,6.495137,10.809065,5.3872232
18b36f30c84ee48999ec71909a07c316,P68005,36,7.2702436,10.415266,7.6593394
4f756d21f5e0e47b563d502b5873b346,P62328,44,5.600183,10.451114,3.4384248
1e26768a62a30320da47f41fd3645460,Q7Z094,46,8.222735,9.497215,7.1331387
6fe4777ff0764f0fb4478e59d36df2b5,P81455,49,7.482963,10.802616,7.4930606
6612fe2a378b95786bf2128b17aa2253,P0C0Y1,49,9.251474,11.163773,8.084045
14600c092327295d00cdffa6f8e4602b,O24172,50,7.6497393,10.022168,6.418147
78fac835d7a465f12e4ee0537cb4e20f,P61012,52,9.700682,11.040884,8.101261
11dbc1a8209fe801d4022968fa3ef0db,P03050,53,5.202211,11.851381,3.6801443
42ae573ea4797e46c6ff11984585ea0a,G8HXD9,56,5.9723945,10.4896145,3.3712032
ba8031a08270c3afbe56dca61990a84f,O34800,56,6.364663,11.751069,3.9900653
bc78ea9e725fe8b819c32f1438aa0be9,Q6Q547,58,7.5525374,12.399529,4.0177197
3d6e770f483c65638cad9952bf264c08,Q83ZN8,58,6.782009,12.459694,5.537821
5cf56483e42da235ffa6f0ce3ad9bf02,P0A311,59,8.68817,11.159575,5.9443927
70bf61b33a7b5c74bceb0d12f97a5161,A0A0H3CFC9,61,4.890796,10.510989,4.9442472
493d725a905ae9e5bbdc1896173464bf,P48539,62,5.747337,10.373339,3.5429757
c9c70cc6a4770217f0ab67809a5d80b0,P02808,62,7.525647,7.565378,5.9244013
20a01ae0d665b1e26918178e990909af,Q14061,63,7.175664,10.225392,6.3318615
2aa1c4c849cfdcc5e424b888b95747ca,P0ACX9,63,7.1079893,12.373187,4.1880064
af33caf71d0e0c14de54fac9bffc3822,P9WHN5,64,5.317699,10.166558,3.9773421
4fba79c88a17891a96a3e463fe6704d4,Q5JH72,64,5.5781593,11.082208,3.8998387
1dcc73846393360b7e6750541f884933,P01050,65,8.031491,9.599214,6.5572133
389a5dad656b70da31de26225cbe2bab,P0A8H9,65,6.3508797,10.289584,6.408847
e2678023a822b757fd99227af6303da9,P73124,65,5.7945385,10.019502,5.748436
354ef2145f8fd285c319bfac4fda2060,Q9FUM5,65,8.140236,8.221348,2.9923024
2de82ac20539d20c6cd895efb849cd31,P03040,66,6.9475656,12.382866,4.118459
f3a0fe1bfe8966b5cedb70df9248c8e6,P60058,68,9.585188,11.430695,8.002655
524d32d40e0b803159b618b09cfd603b,P01094,68,5.3943386,10.78455,3.5415106
e65a434d4079954cc82ad87020d7063c,Q12287,69,7.300658,10.306088,6.1141925
130ade7f7dcb7c4ba3f87db2d04eb846,Q8QWD4,69,7.930093,10.776989,5.1664615
1243483af224ba75314eed3516c9f289,P02315,70,6.2991104,9.288199,2.0959826
6aaa6a7b3e289c1f7db2537efd6d1008,O31467,70,8.009488,9.102285,3.2302105
76cc3a713424fd017a59a8cc8c430aef,A0MHA3,71,6.58604,10.490563,7.745113
8a052aa5e27101da65a0b32dfa9cb9c9,P03086,71,7.3405776,9.713189,7.101268
25cce3b558293f3c96e6ee61d9dd3e46,O14140,71,5.853391,10.330237,4.532162
01de4461209b76f57819919dc38faa99,P9WIP5,71,7.1124554,10.925968,8.000261
8bc787bf152caf55cf243458dd3584e8,P22531,72,7.6082716,8.116549,7.0846596
8201b05d2b48b84ab957589cbedb5950,P68927,72,7.160099,11.516796,4.2612767
b2af183f17ebf0b1c3265b55b091f792,Q06253,73,6.594688,12.258748,4.0980015
b781e21414a6b122fe6cd0e339223bf8,O25010,73,5.2583914,11.56184,3.4457335
37da948275cbf289c87b516e809ffe80,P61926,76,5.689567,10.576425,4.0664306
381aa21b55814b8b062d9db0496fb2f4,Q9KJ82,76,5.559372,11.69962,3.5234952
3e05be301f4d6753f036989f61a56ec8,O75506,76,3.341729,10.89189,3.985201
1fe22910ad0c3f4d12d8e99b261d673b,P80220,77,3.6766336,10.124426,4.7977104
562918b173417ebd6fbf2b61ca2038d8,O31818,77,4.729062,10.716434,3.6902366
96fe5e2a6771a5d296ccba79bb53a043,O89467,78,6.7830806,10.026366,7.1130304
98e05ee346cf9b92d1a2b11a9c671562,P60761,78,6.711446,8.34076,7.796713
4b5b4d12bd5c697ae57c8a876b9f8659,Q86FP9,79,7.9869485,8.674788,5.607034
e67ae7fe536c9fcda426346b5c1b2c8e,P13183,80,8.869788,10.800984,7.878479
4cf7686a46d1ce52c692f81fbc596adb,Q86FP8,80,8.008104,8.509635,5.806036
97c9f61012be93ca4cfa691dff3a0635,O13916,80,5.7078867,10.768286,4.350195
25f5cc9bdc3475ff900c8c7e65d11938,P31087,81,6.5703645,11.343195,7.0814233
91eeda03f7a151bdd98402f1396f273e,Q9I322,81,6.620852,9.868335,9.6193285
32b6d486c7d15f60f5d504b6a6a3e77c,Q15843,81,5.6796722,12.001539,5.885315
b60b0b68dbe3564a1262cfea82549c27,P0AE73,82,6.69381,12.754936,4.3812184
85039c19f438c6856872fcea8a05f290,O60356,82,6.538845,8.591723,7.285652
741ed330711ad545dc693ef8a488b31c,Q7B2Z6,82,9.483375,11.469298,7.7805285
74296ce2defd218b93a695c0089f86fd,Q9NJS1,83,8.045219,8.557243,5.5069885
29b487c7fa5bde1f039ab8116db2db52,P22995,83,5.098808,10.777037,4.4289
62f87881f58f77a8358f450a95407e24,P69346,83,6.384625,12.417374,4.0995097
269efc68924760e54d96bb26e1d8210a,P0AG63,84,7.7196407,12.605107,4.3734336
9f513432a353d8c78538577038b7ddf3,P9WJ35,84,6.573472,10.455149,9.547318
6a711f32c7aff52f36751584a6d59151,P01097,85,3.9548273,10.284223,4.3329678
8ccc26ca0672e480ed1e45eb21ea5d67,Q8NHZ8,85,5.4434614,10.345995,4.031439
ae2b2a4fa755d5685227f4a885f51a20,P68688,85,8.033772,12.567942,6.801892
664d87291d3d8b06c50a27d90222e140,P30273,86,9.811538,10.828526,7.8391027
4a01373fb393adec0247228d668d7297,P9WF19,86,6.674106,10.170633,9.538448
b321a89b70d8f089dcf2790858c54d7e,Q7YUB9,86,6.5131974,9.007954,6.756552
3d53ad63dc9a41dfd3efeda278e70251,Q06406,86,6.0015564,13.107408,5.0685363
c30f71ae6058750bec04e38699715e21,M1GUG5,86,6.412741,9.23355,2.3250847
67904cd2d5ce92761e57700aa85047f8,O60200,86,7.310781,10.503334,6.1469145
0ca56ed7f0575d693965af86bf0e8cac,P04972,87,6.552715,9.984614,6.2045794
242748fcfea695c3c8a42803f6b2a343,O75324,88,9.85317,10.72522,7.5732646
f9ecde8577c779560c4e8b9f5848b54b,Q9BP37,88,9.083388,9.86208,7.472014
c6ea2cffb91bb4d002643b874c6fe681,A0A140GKJ0,88,6.747861,10.074534,9.549813
ac2c9754009c0175b55045aa01e09970,P69428,89,7.644915,8.732744,2.9584908
4d3f36e6cdcd01b38fcb3c3b0efb6465,Q63K18,89,7.1535597,9.999845,3.967611
2f1412cbb03026bd50f4a28c6fc2e08e,O94742,89,5.627296,10.302336,4.2429733
4c7c87dad970b6fd8ab2aa19a2d5ecbd,Q9XES8,89,5.741644,9.5803995,5.0959153
a9cfc49f70fc3ed141571bab89415e5b,P05204,90,6.189162,9.021867,2.2829974
824da902adf5c61099715013bf30c46b,Q9RY65,91,7.5109715,11.963446,3.880991
75dc389130382ce3a8c6078ff4f868d1,P0A7U3,92,7.3947153,11.8781,3.9316983
fe462c3364a5d79fdfbef7b4befc69a5,P33763,92,3.4425666,13.110938,7.9015174
510c3d76c2dffb43a86d893dbb319403,Q9Y7M4,93,7.1299567,12.737737,4.538481
36e6c37997fc2674958adfea18ec8ad7,Q98157,94,8.932934,9.228816,7.9164724
bc5f063728a4237769908f1924b1d816,Q9Y258,94,8.997064,9.637088,7.5120335
cbc48cabf11d829ee7d16c959c87f633,Q70Q12,94,9.457293,10.591244,7.582371
d78f87f149764d423d28a47d7813400b,C6ZFX3,94,6.923719,10.698657,4.3649616
51952ec5fcff81315f621e433de35789,P56621,95,8.38298,10.726744,8.194115
c7a017f6e2d971dcd2f7cabd6a9b1b0e,P0C077,95,6.909906,12.872274,4.2054734
de64744310f760e1b9740ed8f51dafaf,P22362,96,8.7052765,9.468695,7.59839
50fe7eccf99177b354d5bf9c6db33654,P9WNK3,96,6.540039,8.320193,5.909133
600ed858ff883186cbfce2ca76db7598,Q20MD5,96,9.677499,10.981758,7.823355
363acd7530b01c73fd9edc48986f0a5a,P26477,97,6.261318,10.135563,3.9633732
14aed608b903e87469e861e7f4f44d91,P0A6G1,97,7.5106893,12.952416,4.6515126
d92c9a43b2e01dc3729aff482d86e713,A6NF83,97,6.6254034,9.15755,8.499741
a7e63ccb25517c8bf9f50629376c198f,Q96273,97,8.09778,7.633083,3.2758482
e9ff87b2f6cbc07850e519f60813e1f6,P0A6R3,98,4.4097433,11.859355,6.788835
23b3749bcee262a40d627295d298216a,Q76LA1,98,6.9395957,12.305581,5.472522
fe736d03c479e9681251e5d1e155ed85,Q9SLJ2,98,7.5834975,7.9447603,3.672127
808eb21134a89e2f11d3691769ad5285,P13848,98,4.207681,11.015883,4.1231947
3cad6173a8d32accc1fd8634302017e3,O73557,99,6.1319413,9.728366,7.2530437
6f7fb4b39209c0c28dcdbeebe20394e2,N1NXA6,99,5.8835335,10.350635,6.8553863
d7deecdeee69be6bfef3e8538021c314,Q03071,99,5.3859963,12.867165,4.8911424
e38737825dc662c4b3aa0a2676765595,P00974,100,8.784529,9.3233795,7.334292
ee335e01e5e15e40c9fabe1a1ea682c1,Q97ZL0,101,6.4871526,12.689992,4.415435
868d25f06de229ee7697b13f12400656,Q6MRH6,101,8.14543,8.788745,7.3341656
5784edef7f8c2bf49881fb4679b5f64b,Q1PAB4,101,6.8823457,9.158283,7.0830383
eb218aa37acfed5ae29e5a329b5bdf79,Q9UMZ1,101,6.33067,9.095004,3.5838866
b42be3746a50722d7a5f5149d1f4355f,P47910,101,5.998544,8.957136,6.7695246
e2c6d4144b5cbdc78f5e846512c8533c,P02655,101,7.3593874,9.645059,4.2107096
08709af4d8c7b41e70ee842e21a8b978,Q12306,101,5.7805896,11.721026,4.606872
c21e4035aadff16ded758372a6fd220c,O28362,102,7.392932,12.4842205,4.3255434
de3105e4d61489ce082a5e6ca9b802e7,Q9Q8E9,102,7.4310055,12.670897,4.191074
fe3e07d970ca830a34d91a3fa7e4f9e2,P0A6X3,102,5.4730754,7.75966,5.8952227
c6c0cda7ea6b184a6a406db613457a06,Q47785,103,4.871788,12.911886,5.045951
47677c1c5876506fd517b84a1e770584,Q8GT36,103,6.262253,9.175068,2.875648
f1176c9d93c85c8f1489ab2cd51ec923,Q9JM54,103,6.265464,10.727133,5.2114573
cd835bc39369079207f534a9e7ba6095,P62799,103,7.0426784,11.679003,3.4731612
a3c0482c15355abfa32f6c58877f8057,Q9Y6H6,103,9.654209,10.612356,7.388351
88f15f47ead2327f2ed10f4cc652794e,Q7Q3R9,103,7.750211,8.557168,5.36115
025559e7b85ed1448d34e61221a54788,Q9KMA5,104,4.374123,11.454831,5.641944
c28a0f43e1d4fa5811417819c198ded9,Q04964,104,4.721605,7.5528994,5.7275157
e896839fde8381b5f4f5c4008a5f270b,Q9NRY2,104,5.910058,9.405067,6.0087137
24f146e0c1214a1b7635ad40492726e0,P00004,105,7.208155,10.579959,3.6662717
d20782131bcd520f911265e8bd79ee94,Q9CX60,105,7.038873,10.971475,5.901107
e01b384c770d80a2c5bfe066f5c26792,I1JLC8,105,5.218685,9.7512045,4.333474
e69bf826fbb20dbcd3f0420dbbeef7cc,Q9NR00,106,5.852041,12.143618,4.009268
2c9c2f9f6fc50ce2a8209fa9fb581e7c,O10609,106,6.138535,10.086814,7.822305
0d6044f610c4a8ea6ba38f407c2579ea,O61667,106,4.904568,10.238821,6.451742
93b697c8546f6675411aeb824cc50461,P03045,107,5.6811724,11.358063,4.309113
2374bc3ab18d7ae9a8b4a6bd0a3dfe57,P17096,107,5.938282,9.170614,2.4903855
57d6955ead003b6d82e65addeedd2dd0,P23632,107,6.9190855,9.163106,2.6027536
d01fd6c8f91f8d568177dd5395308fd2,P02721,108,6.125069,11.447174,4.5779657
3575f3e9a8fc7c545835472ec290d560,P08245,108,7.432667,11.72637,4.4144745
1129ce31eceb1fd2c2e696746fb9ebd9,P0A882,108,4.9211,10.791609,5.309124
638e5b75d3519b51ec00f191f0b17295,G1K3N3,108,6.3426576,12.234077,4.573284
b8bb762597d9681e4a1e7765822abd78,P62877,108,6.0903835,10.316155,7.073887
fe275ea1d14453f6855577d120934fe1,P52695,108,4.357575,12.025432,7.6991363
133508287048defc15716be87c822406,P22943,109,8.069331,8.019993,2.843536
c4a65d1b0a7f1a2734544e8ff52af81f,P02631,109,3.3533309,13.044912,8.382938
958f807f156f27f0e36a113d9cb93403,P01096,109,3.6482008,10.555357,4.329039
1f5e4501b58767fcf874fa1096eaa685,P47093,109,6.295665,13.068462,4.7956448
6ff4a1efa462fc5a792cb6ec4fa7c828,P52926,109,6.038905,9.223067,2.3870113
410bba9e34f126fba29e8d0d922edf6c,Q9BSY4,110,6.816673,9.675745,8.696529
3c8da0f992d63d0eae8f3f3498419773,P01252,110,6.146012,9.223363,3.4742668
d1c1fe15fb9689a7793791a07a12cb6c,Q9KMA6,110,6.2405777,12.540921,3.9870722
92290837bb6342b315d7d4ab05db0566,Q96DE5,110,6.518581,10.288525,7.863928
2d2ac8345144c9aa328a5b8b633fd297,P0AE70,111,8.018875,12.190211,6.0609555
23332525f0c635dfadc225dadea1b760,P38582,111,4.8395386,13.101628,5.303625
6a2b5a70f8f2b35f37fcdbc70c98eb89,P9WHJ5,111,6.957256,10.420717,8.706284
3a81c30d49f2f310cb08471b73e8ed64,P25638,111,1.8033512,9.686467,7.7877946
566e9720205ca43fef8c95a9be507fce,Q15004,111,6.730048,9.423939,6.5033426
4b594679ad2054d4bf18d6dafdd56f10,P06454,111,6.2445416,9.27146,3.743682
a1974d1508f93465225c93e380911c2b,P02783,112,7.2330356,8.857413,5.292696
79193f9e812f141ec0a98635fbbd4da2,Q07932,112,7.318846,8.915235,3.1940465
b8a0ea05406e3e124afa4788b022e5e7,P20220,112,5.510893,11.710895,4.3551183
275e2b5b71b0f906a265964a64244095,P13338,112,5.196796,12.342588,4.780736
f362a84c49858a8f6b0631605be1a662,P41567,113,6.661657,12.747965,4.922714
4c932d3fd2b178088983662cabead5d7,P0C5S4,114,4.314934,11.544552,5.315537
8128942eb70f5d8c29951235fcccdb72,P05386,114,6.6676645,8.927991,2.6112492
659356ef56c60dc664109a92ce83c4dc,Q08655,115,7.7362742,7.924249,3.5978587
64c6fb4af6b3720a0345c34b0d7dcd9e,P05387,115,6.9093437,8.907763,2.6521733
6a4f532b6bd4e05edd5b649efa6bc85c,P53905,115,6.509231,12.651101,4.556233
1dd60694c655e45d94a4f62a8c35c1e1,O14519,115,5.9870944,8.905797,6.426351
4991c6173459037e731d20f28a80f601,P63027,116,2.903795,10.969924,3.3780997
07d6fcda7bd34ff9b467ba2e6ec83744,P25814,116,5.621735,12.106112,4.0853086
5730614f5e53e3b00dccd983a914be19,P04325,116,6.272911,9.429613,8.046233
bb4581ea8adf88e24327665bc3b08f46,Q9JLC3,116,6.469576,10.328246,6.924636
6e5d98b0c24ecf31671db733429827cf,P31109,117,2.923288,11.193495,3.4289298
1355b38fe9658a1244db353146fb1007,Q82S91,117,7.9754906,7.9123116,3.3924115
db2356fcd36f5ef3e5236777ddfc86cc,P27392,117,7.9281316,9.102968,5.6576467
a2268bb3d1f8fadf284db7e78fbc0105,P03714,117,6.7692246,10.229955,9.197769
e6fe33750b265a8a15888020f0d77cdf,A8CDV5,118,6.294333,7.355733,6.9876494
526e4c6c2f3d95fcd7bfc72a87b3fa5c,O67086,118,6.0547104,11.49291,3.487048
2fe1a2a36e9585e60ac4f66b45778392,B0FRH7,120,5.8578606,10.914941,3.2638223
19456f1f401aad9fe0bde61a01f4cc3e,Q5ZYC9,120,6.161608,10.736017,5.0060906
276bd9a59c193b9927aab31e739e22c9,P09415,120,7.4460564,12.3247385,4.626353
c5c27cf320884ff430e3bb41c4d82084,Q13542,120,5.2485194,7.8751955,6.8518524
5a2c71f061a49ecfba1d1a9453cd377c,A4ZNR2,121,4.2314353,11.5915,4.9875197
6e9e17d914bfefcc98debbe4e3d2c09d,P60006,121,6.216143,10.005085,4.4571342
951984a24105ceca351709a149fd5e19,P0A7K2,121,7.0127487,8.898946,2.9723806
949f757a1dda7e30bd5b7711415542f6,O14352,121,6.5124097,7.200084,4.7147846
a5f54202d4854e35b3f75c63b2452790,P32774,122,7.100208,12.61058,5.126463
4a7fd7343c0703295c5ad0d7f346714f,P46984,123,5.3324194,10.081319,4.33783
29495e0d2573e3eb61572cc610d4e48b,P0A7S3,124,7.2496567,11.321527,3.766998
57ad1376e2ece917e4c277dc5202b086,P56254,124,8.5912485,9.002183,7.5417027
2aafd16fb9cec94b8a666885b3ad6fb5,G1TDB3,125,6.1598935,10.164856,2.7390606
9b4a2dc36e32958d8f9b9ff5a5585ad9,Q80FJ1,125,9.733367,10.784806,7.4229655
2db8712ee1ef4d7969d95bc333e1945f,Q9Y3B4,125,6.2392,6.7872653,4.344006
306371af02c4c554a487908d17735231,O60927,126,6.620302,9.001064,7.4509025
bf646d7f6a591c15e68a65a2bd34f1ce,Q9Y3M2,126,3.8009806,10.292531,4.7240458
a74bccace07935acd14eefa4f9cc9f2c,Q38151,126,4.7699094,10.584533,3.9816573
0a97203cad1edc337ad0eb8f5995a92b,P06899,126,6.2924,10.197214,2.5614052
d4d8a590a39df99ebd6f4360a4c916a8,G0SCY6,126,6.340889,8.9088955,3.1478462
41d2ab848706c17e0a49f37c38cab93c,P53999,127,5.7956605,10.01705,3.527441
81d8c763a7b17965f2c2fd06cc031bad,Q9NRJ3,127,8.914305,9.235136,7.8295083
73522f3d1422e819312d6126c90a0d01,P44228,128,5.765465,10.2509575,3.8390465
d60d4a063175574c3f7817dd2b065a59,Q9NX55,129,4.7187533,10.36493,3.6557183
0011ab0c11c7fea51fefcd039b1b69f5,P15382,129,9.570575,11.106586,7.6365557
28fc0940de131d7528f15a641f6f2195,P80870,130,6.068367,10.820647,3.641496
eb9a1e9f1c207300757bcd20505f7ab5,P04908,130,7.0059633,11.543726,3.6727986
3b1efb205940804a098cec54000bec71,Q96GU1,130,6.6407423,8.660851,6.402639
f1baec4ea2ab4080b1b00b395162ac08,Q9M605,130,7.6737285,6.7332497,4.9933367
1a750341686cfa811a6738d17b100111,Q9LZP9,131,7.2840776,10.8247385,6.1892138
4575b482556bff53ef63dc732795e3d9,P36886,131,8.285917,10.665545,7.7778735
1f185cae5b8c69f2cc652b37805eb436,Q8PMB6,131,8.333225,10.183,5.43097
eece4216bde2e2234659ba4914afb075,Q84ZX5,132,8.100832,8.541723,7.472566
d6acc4387df6bbf3a5106499fd63fe45,P03709,132,6.382578,10.427844,9.170105
c43dac53729956f6d11e91832437527c,Q8N726-1,132,6.7155623,8.9875345,9.322862
b5b670a2f49834d4731dac41a8b1e52a,P56210,133,7.35553,11.967555,4.8292284
bad4f6e1f3d5b9d29922e6b32025b893,O00488,134,6.1189733,8.581805,7.865142
e3d6cc6b3a1721b2a6e7f4819022b8b1,P16860,134,7.4275517,9.039215,8.529879
c0859f6fe4e9eb691aea3e52630cceab,O00585,134,8.510708,8.915271,7.787531
420dfce8d910d2eb7aa5c8d92bdae351,P84233,136,6.6280565,11.115022,3.204335
a308448a095fd5a001c7a33e8441e128,P62965,137,8.129026,12.027399,4.934968
fdac5ebd57f1155340d7ac31bae488cd,P0ACF8,137,4.987941,10.3048,3.475485
c03d65998565b72d67938327ec3e79c4,Q885L4,137,6.7094617,11.697262,4.233894
c2f33a7565dd7639dd21458d109926a8,P27356,138,7.66,12.592538,5.3418074
91dd01ce3a69e71fb032d8c2374ea18f,Q15726,138,7.3478637,8.813245,8.388994
3cbfc0c9fbef801dfbd868b7db9901fa,P0AE98,138,8.708241,9.9404125,5.015556
d05d8707d63e541384086f202903cc97,A0A1Z3GD05,138,7.870048,7.866191,3.7574365
1871463feff2536a26a357212b0e6914,Q24570,138,5.1905274,6.659303,6.431149
bbb3d5be73690fd3d4a5747d85eea991,P0AG11,139,7.6739964,12.315799,5.4534874
fbf30271c2385d82e901470f0610d6ba,Q97W59,139,5.9626417,12.894992,5.1173306
ad252454c6c0af45b65e91fd9af421de,E1BSW7,139,5.014546,11.145445,4.258197
90cc5e82b1e80478857674f92aa13efa,P37840,140,8.005047,8.120459,2.8865373
cc7f102992c735c3f3bfecad1c162a06,Q9V452,140,6.0347924,10.444665,5.034348
767e74edfb428b21813e0b85ab1a789c,Q9SIN5,141,8.0481205,8.263092,2.7545505
c0b7fe149cd259dcaf334729389d1923,O70480,141,2.8124406,11.020664,3.3844006
970a1da9e6a33b679a32e9f000a3ef0c,Q8N4Q1,142,7.0367026,10.5793705,6.026029
f0a40cfe4f6982e798ab40a88beefa2e,Q95V77,143,8.132538,7.823784,2.809753
ad837c706ed8a86cd8494852bdda56a5,E6PBU3,143,6.464466,9.803614,2.5681658
0a8f6b923f741cfb1305ee5e93589a96,P09132,144,7.2745457,11.63392,4.4499736
5013b55bdc2e29aaac0b31bf2e277e29,P22179,144,8.717385,10.848086,5.628236
0fd5963850ec9b16418f8e83bce2ae9c,Q647G9,145,7.7810087,9.062404,7.9417467
98b80edf809a4746011bfad878db1832,Q8GY31,146,6.711097,12.013217,6.285609
334cefbf056f83c26440d6a50a037a91,Q57733,147,6.6068916,12.5527935,4.64269
d9d9f5f078edaa074fc9e8ecca594607,P00127,147,6.295311,9.684057,3.9266164
ddf8e2bdc8bbe748717502f105e827b9,P38293,148,5.6971593,10.189213,5.4811654
729ac5b379fdcdcba27d499c622af02a,P16949,149,4.2447696,10.437916,3.6691465
b90e4c7a208d5d04d9fc6d621e1a9c6d,Q6P3W2,149,5.1189446,12.089275,5.465855
9ae5125cbcdce54f6e042a387fb74c49,P68466,149,5.0849285,13.195507,5.302936
94c934de6da97b63bb0c0ed13e7715e1,P44654,150,8.350422,10.700834,5.0606112
25b1265d7827356e2a9c3f4f3825bf39,A4C1A5,150,5.9620304,11.306106,3.815634
1fa33392a5520388bf4bcf8bfc648366,Q56311,151,6.8761077,13.022357,4.816727
5492ee991adc2f4a849470a45e6b2141,P0ABS1,151,4.3934894,11.031303,3.9831436
7fc9a636860bdb7f456e8944fff4ea30,P12810,151,6.443413,12.068878,4.7040973
77637b77448d9cfb77aa78934be02ba9,Q9L9I0,151,7.3270407,7.299417,5.4172845
1205359a83df1f9fd7bd2c187e2b179f,Q96B02,151,6.0029707,11.618529,6.3904862
a5f2faa458027b3a3c58e907abc60363,P06968,152,7.3597097,10.927639,7.4578295
7f9d7b89e9c51f5e46a8fde18d2ea076,Q9Y3D6,152,1.935878,9.850694,7.6667767
f1b6b15facce6371463978bfbaf5cbb0,P01160,153,7.808923,9.027576,8.252973
5c1d97ef5042c236f1b3f090f324399e,P40019,153,5.913484,9.666766,3.8625166
5c8d987a67857ceb0d32ddcde087b2e4,P02185,154,5.6511607,12.081252,5.1031337
a25927aaa0d8ba452e707aa9b1b9a977,P00441,154,8.447686,11.472816,5.1947713
ef6256277565138a92dfce3305ad5ec3,P22239,155,7.943039,6.6975675,4.538359
39c319b4ec965f1549f3b1c5ae64c9bb,P20435,155,6.0204782,11.258275,4.8582244
080f9bbc35ccb54e5e3a9ed3aade00fc,Q49ZM2,155,8.960702,9.610556,5.3384395
8838d8ffd316f18b4fb7059cf674f4ec,P52298,156,6.4334784,6.383786,4.311623
36871dcfe1571efa43dd6a24b6f8caf0,P0ABE0,156,6.397761,7.9800286,5.2300262
0431824d5e480b7fcc445a341026e5ea,P17838,157,9.1407585,10.104868,5.226227
9fc303b3e9fd34f52da88d0f8b7ee57c,P53330,157,5.6811895,9.759907,5.006233
c64c60503f4e70a4585d8c8155035fe7,P83731,157,6.1884265,10.426432,2.814624
5ecf495f8c63db22bb40fd74714b9412,Q97QZ2,158,4.777685,12.422124,4.8303475
c76fe93cd14da646422770c88a2c3526,P19594,158,6.909651,10.353672,6.535054
48f823927d6653bb169df752a8d67302,P03126,158,6.1325526,10.411725,7.1269703
deff584a39ebff3e816584aba14be08a,S6AWC2,158,7.045389,8.72809,3.0280344
ce7c49af8b85e648e2e76cb6d1771f09,P0ABQ4,159,7.2876606,11.951623,6.993206
c75bff5d958d3809695d48d596226a11,P69490,159,8.404669,11.131942,5.1685643
88c3903ada3344f3eef3d1b6ed06198a,P61244,160,3.643485,10.280174,4.708721
e5242919a9aefe7a5a724041c1c6cc28,Q15185,160,6.4607196,10.783256,4.5500207
8f873f4603257b381908671416a89ad2,Q9HZJ8,161,6.336442,10.172767,8.763492
f6736593b951a326ac207e5ddc8aa590,Q08826,162,6.717569,12.41484,5.519596
42e2a470c970ab7290d7ddd74dd34af5,Q24F70,162,6.919551,11.4877405,4.2521896
cd444a8b5b3d9d2c32cd19ace5eeefe2,G4NEJ8,162,6.0389314,9.80704,2.959898
1bc1b53a3e49b2895a73b4784965edb6,J7FTI7,162,6.962881,6.2478614,4.4961133
003b243d0117cbaf2b7434184c409b06,P9WJA9,162,6.5960727,10.62924,7.2953053
be07a7e382fc108bbc636704acb8cf84,P08523,163,5.7731442,11.591276,5.2878304
9ce8168c00c3f6d663f866816b83e0b2,P38936,164,6.883852,9.095862,8.810989
cf939aa91b376233ce70ab014ee9fe21,P20963,164,9.333233,10.929581,7.3188677
0e3f4b0524544731eb52c618b57e87b8,P0DN86,165,8.259357,8.888456,7.9240084
0344807a9a3d95e3bb0f87f63128f377,P0AFZ3,165,7.015489,10.292769,7.5206347
a99e4acac4da661381e88305a41b70b8,P24522,165,6.3314915,10.911903,8.298279
30d1bbc087ba300479cbae5fcfd9ca47,P41851,165,7.6084146,9.790158,5.918497
e2d2b0b49af7cde1065ce7ef18771658,Q980M2,165,5.0600505,11.822461,4.367946
6bf427b6c6f41dd7fb556600d48a9ec9,P01099,166,6.115167,8.412855,7.1319356
e46b7a667af8ed08c3f3ccb3c62f2d79,O15273,167,6.3147073,9.66199,8.380821
c6ea2d769c0c370af2169d59ad1cb3f6,P12357,167,7.9065886,10.275571,7.2719364
7130d3f086cf049f55fd9f49c143b949,O24646,168,3.6311224,9.993722,4.924911
51ca3e66778457304c8cee9403090a29,P12950,168,7.7789836,6.8356643,4.7309465
4bd8fd185ad7e5d852f510a0dc1b94b2,P21246,168,8.216325,9.281628,7.014567
66818284ad9f35e34f9c0b8d762bf4c7,Q64364,169,6.65628,9.0126915,9.271635
7d12b60c964d433c4712295b9aea498c,P35638,169,3.9549377,9.711166,5.392362
ec30ec4498d46848a5d56197a61bee82,P63098,170,3.2590287,13.03507,8.290302
a5bb3dfaebdb809d7687c2bd288f9ad2,Q58667,170,7.070483,13.2787695,5.433114
5cb5f27a0ef7a310b3d1804e5e5544e0,Q9BP38,171,8.920852,10.189954,6.839178
f7f9c7705bbae7a64e784ebe968d6d93,P34087,171,7.6124387,12.339652,5.2200446
63519ca5040a7ba51013ee7b025ee93d,P41208,172,3.5517173,12.836896,8.362803
a5586a7f9925dd6472b475ee46e0d50c,A0A2K8FR49,172,8.212743,7.704554,3.027191
81d678c9bcbe7c5627efeb89b939f55b,P13693,172,6.5004754,12.887136,5.0743804
0de924e57fac9eabb84c6fd8f461f887,P37455,172,6.597864,6.491656,5.1126227
5a66f906312d16339f7b26fa2902bb3e,Q01417,173,7.9952984,7.1477947,4.1652136
af30872394a82c5ab9b16ecee6dd4bc1,P0CF51,173,9.257605,9.569506,5.9414315
d5bb487ec4bfa486ebeb826216527df9,P9WKX3,174,5.840966,10.703744,7.7849307
ad1e6127dc318068c31066992224253c,Q05776,175,7.693235,11.873776,5.1105466
191e2e67f956ea10026e30c0b5c5510a,Q9SQZ9,176,7.10964,12.109379,5.096002
44a2450f13d14f8c5ea7d94b82dda6a3,P12272,177,7.0371156,9.334912,7.0225887
53418d25489eef6015dcd5078c66be35,P02754,178,8.281415,11.754687,5.837929
51aaf3dcb27be7b8784c06c1895d0b3c,P0AGE2,178,6.55287,6.4544697,5.3567033
b2dde555760bb77a2f1f36fdcaad59bf,O60888,179,7.4223495,10.469843,8.651645
c96970699494faca52c721498e70a573,P0A707,180,6.9473724,11.96137,4.486541
b5d2ac662405ed8122bc520d5bb79ca1,P0AFG0,181,7.392934,12.027328,4.739279
e1fd496e78af6fdbffaaa3e0a8f44db8,P01071,181,8.322127,11.755454,5.221536
96e9fdf77b2507c3f28fa412c56d1550,Q7DD77,181,7.7810526,9.996639,4.8751125
ad7fabb260355d4a1daf3fe3e04bda99,P81019,183,8.659533,10.116787,6.624885
6c30621de23258899a14e74940fa0e0b,Q15382,184,5.217899,13.687775,7.7790456
5cb88bb7381b14b46fcfe3bcc91decbd,P38801,184,5.001328,10.838854,3.9700632
66ce4afe6dc1d74b47db74267ee679df,Q8IV16,184,8.46115,8.926703,7.9572754
7f01f358180f49b4cbb5e6bfa4109d53,Q91ZE9,185,6.370793,9.33515,8.595707
710020d67005382daf42c27d91961e12,P68390,185,8.335624,9.619502,6.826155
7f6d6f196c88900a3c19f34faea9f694,P47710,185,7.544404,8.3369875,6.5052176
c8d17447e5196451feec2010cd2beac4,P30185,186,7.7466216,6.641083,4.935317
301b67261db5a467f38bdf0253160e27,P35926,186,5.690914,11.538519,3.7371478
b1b3458dbb9341b8d72bf408ad92b34d,A1B8N7,188,5.4922967,12.011822,7.0180855
0d580beb9c9a98f70ab605e265636c3c,Q83AR4,188,7.9096107,12.018324,4.702293
90e23ca169b65f2b833159b51cda20c3,P01112,189,5.3282266,13.6069355,8.002963
8dae887569a312a829dc6fcf55d28274,P19250,189,8.867589,10.756199,5.095364
061758e89a077f82a31d8c676bf85813,E6PBU9,189,6.5226345,9.947933,2.8091972
24c60ceea6526ab22047343fefa92f51,P02668,190,7.444846,7.9674716,6.5187325
31cbd117947589d9dfcdab9c1f532c97,Q7DB66,190,7.182338,10.385004,4.799806
cbc71f42bfa9d5ba628fd0f044c0b4df,P0AGB6,191,4.616448,12.32834,8.021349
6afd28a89336f8a5bdb073bf57c66710,P80644,191,6.9240847,11.582007,8.672196
e7b335ee1a6eca37cc7ce70d47aeab74,P0ADV9,191,8.562107,10.478511,4.7066584
e35566fc2ac525bf03a14e27e4f76c83,P69723,192,7.2652655,10.979693,7.031341
f84bdd70138828fd6b9bcea35bf391bd,P67966,192,5.577661,9.884309,7.31185
eddbf8aebb201ceeed3b6c43f6fa6d35,Q47184,192,7.709767,9.878073,3.906761
8a2fbe4ffa6bb9d65632eb94b0b2ff32,P16006,193,7.1419806,13.14538,6.0094166
216f8b7c925265b914a6db2c8e783bb3,P42758,193,7.898127,7.211347,4.1800456
dcfdef62c405a3b1757ba78e805dd217,I7MK25,193,6.504982,10.877384,4.4668784
80d2e988c1581c9c35b56b8d227fe1d9,Q9BXH1,193,6.4138813,8.751958,9.081395
7429bb1bee4faed397838c1bd85c4ea3,P10922,194,6.1843743,9.562668,1.9924692
25aa3ded17a489a71ac98b4a754da2cf,Q05158,194,5.3734126,9.801011,7.472534
ba01b607fc2914cbdc1085510db160c3,A8AZZ3,195,7.484772,9.113185,3.3752315
90832ac0a06259e4d19383c5f0abb799,P0C6L3,195,5.007009,9.246558,4.557977
302a699e3d7077f606ffe36df8107936,P70444,195,4.916919,11.613855,5.7124777
f5f5ea86f0a727fd943f676c919fdadf,O31851,196,8.752928,11.136002,5.4463453
c836680606b8edf0e30b4b3db05797e8,O54918,196,6.7326393,8.89842,8.801161
d846b3446c74769630da84764ee91886,P0A9K9,196,7.883089,8.3952265,4.0665526
fbe5b850e94fe0776f8add514946b672,P09372,197,4.6532397,10.016994,3.6993
6f7ef22c357ff0479884f9fe0d100a19,P46527,198,6.421187,8.967132,6.9283557
7c68de988dbdd8daa00cfa2c3ff30be6,P31431,198,8.016947,9.310379,5.3819757
fc75d5fa7090196b01f3d1bb399df78f,Q57904,198,9.635982,11.763394,8.13673
56ec1c665337eaf078e04d12dd6ff144,Q9X8U3,199,7.0941305,6.4073124,5.1681333
a065351c7d4158e59237118c5e1a8f02,P05221,200,6.3005123,9.429599,3.146834
1ab394b258491cf6c86c30d4aa5f382f,O14713,200,5.8714466,11.6688795,5.7092276
1ba80208afe2d5bb5a6955ad8376fb1e,P27058,200,6.827631,8.65653,4.081122
f723cabcd995a5897ba2d5212660bc62,Q9X0Q3,201,5.189767,12.610109,6.641578
1ee3463372d7d8e4b8ff8f4d339ddc75,P07516,202,6.2770157,8.715108,7.3433642
8ea5e7857f818872ce5dbe4a598ecbea,O95997,202,4.867367,9.084216,5.9638977
1af005fc082960cb14d497ddccd78a4c,P47142,202,5.8920903,12.592226,5.8033695
5707427e164724c6ef434d90dd09adf1,Q61337,204,6.3870125,8.330729,7.667295
7a5f4afa5974c8bffb7f2f8348fefeed,Q9BUH6,204,6.5688972,9.104775,9.130993
57baf09418d971e4e0d4115762376b7f,Q07930,204,7.049508,12.216786,5.21829
e79465fcd7a2e064110cef737c8780b7,P49799,205,6.2860117,11.277211,6.223776
d1e1a8a11adbea6b0b424bff0ca00b8d,P46065,205,3.2208986,12.8866415,8.192653
bf9c69f64b0a1f741fcc0cbd0c262d49,P60881,206,3.1040776,10.911981,3.80665
317f2ecf2c7389f2fd133dacaf641203,Q9DCL8,206,5.5389585,9.753559,4.3511763
24c15161a05ee3be58e88ce99b1a5cca,Q9S446,206,8.17547,10.414696,4.369682
47b0ff11eb0ecebfd13a8d752e54f110,C6KEI3,208,7.131412,10.298453,8.041917
bcd30a090583a9af8d5b1a9c514b8fe9,Q99075,208,8.827788,9.3131695,6.736111
454ed777b398cba666d2378dbf8b376e,P14602,209,6.783583,9.429222,8.163873
f4a1e5380d1ea11bdd6c3e0805cddf58,O75496,209,4.2303767,10.512845,4.6961675
45b8a1a6ecee24173971bec82dd0db73,P19429,210,4.356792,10.672887,4.0773635
994262904b50b2cfb188d06633a33c32,Q16595,210,7.6016564,10.24019,8.07464
fa13988bafbcf09d54c0e9ffff339180,P63277,210,6.6839314,6.8433175,6.0515437
2d89577111042865bd3c72fd706e4136,P27682,210,8.0724745,9.769857,6.8484645
35843879bbd065f6a5d55bcf86c86fe0,Q07731,211,8.3266945,9.588584,7.635073
e445ff39b9b367d0d2acab6a9c0749ea,Q9BQ15,211,6.053222,7.8648543,6.3402457
bc43a323948d9bbdd336fde01e330abc,Q9XTY3,211,7.651619,10.397445,6.44438
04be32a6831acc2133372b4120a0e2b8,Q8GYN5,211,5.609174,8.563844,5.525042
fd2115ca4d67556807846cc0b2b2435c,P77072,212,6.9035482,10.87083,8.822446
c5f6bf6b87607ea572a0942bc3850564,P40337,213,7.0688667,10.092289,8.303541
bb18fe3f9852c0016d86e9d4a519deb1,Q58876,213,6.0272307,12.786111,5.0536942
69cc8ba01d40e02cf7d88b00aac276c0,Q9BQB4,213,8.332099,9.144141,7.8138003
3008b7b956e272256e449cf7682c930a,P63158,215,5.530627,10.149891,3.174481
1da7e240fff186c605c89eb39b672850,P08067,215,8.054379,12.241959,5.899119
092cd4a4e88af5efc063464886492812,P21734,215,5.8114986,11.759375,5.7491274
802a622f16887530be1ab825e4ad3e5c,P0AFX7,216,6.2694564,8.047198,5.906552
47fdbe2a237c269edfa2519ccde0994d,P62826,216,5.42993,13.776917,7.855314
f811314b459403337d4399dc7885d463,P49785,218,7.105494,8.963173,3.101894
1f8042f59a4b5764a829d79d98eea40f,Q26680,218,3.322598,13.055011,8.368875
eb9efcc2854fc5f3652a64637fec6bb1,P15865,219,6.2986035,9.486914,2.1394434
231a587783f7bca8795a23abc3269646,Q9Y296,219,7.48777,12.192264,6.7750635
32d1cd5f7845cb4f6fdd8640547b9baf,P08008,219,6.704509,8.267928,5.426321
ab4777c26157b7b17ec5e3f5bd2c1532,Q6F3E8,219,6.7134004,8.98595,5.275267
980432b31c6aca424fb5ed0db2978eec,P58753,221,5.9758472,9.552022,8.528607
c125dfdeca04cc1259d9990d6f3fac45,P19972,222,9.038996,11.032535,5.5064993
a003c6e5184c008a54cafc8cfa278390,O87120,222,9.143862,10.150556,5.8893757
2b078b323bb40e916389e2c7a16f9acd,Q9Y3E7,222,4.718263,10.143871,3.9131527
0fb37cfb55a8310a5ada4bd83be20685,P08263,222,5.3765273,12.023324,5.883559
3edb76033bfaa547dc8da02a32cb28d5,O57173,222,5.2239027,13.1825905,5.287853
69d05dd92abbb2e78756a224f7844bfb,P02666,224,7.0182114,7.4427404,6.302476
905740ff5f72b6d47bbeef5cacb8a015,Q9JI51,224,3.2896137,10.964391,3.4968188
f58f634057f6ee755b17d19c122f5a87,Q9ERE7,224,7.1773686,10.832255,4.7833276
2b63fa20b8ba53a3149d7412c6ba5394,O35718,225,7.1875434,9.858481,8.131328
696f0112c4e33db8a3640f89dd688a8d,Q39805,226,7.9225583,7.0189576,4.5820956
83137b1cad66a548c1fac9eb1a44a7c1,P11912,226,9.541231,9.244614,6.3284864
ce30c51fd674cfceff0fbc0ccb7bea94,P80723,227,6.526387,8.744541,2.6961558
feeb0ed7e8d9d82d58e3578c1ae7fcee,Q8N488,228,5.740056,8.993935,3.3680344
881947d76746d14865f7461d3185f076,Q9CXW3,229,5.604889,11.396206,4.1142545
bb10361537310f1fc0f63735ee2636e5,P40259,229,9.406403,9.889436,6.582443
b0a85fd24295e8f1a827cf923497aa10,P12355,231,9.006508,11.046312,7.3720922
c36e50bc6de35773fd97b65e8aeeab07,P45577,232,5.5687656,10.03421,3.446113
48a68831be641405e671ea6adeea0bdd,P12301,232,7.072082,10.126105,4.687678
a82ecb781f5a363c77657345d7a4ae0c,Q12483,233,4.9472365,12.530891,5.2708855
315246e1592c61520cdd5bb5c328acd2,P33905,234,5.949313,12.30587,8.037212
22e0264a18369cb6e6cf723580d4a710,Q99801,234,5.180962,7.954426,8.136581
5741784611e57174aa230205c76118f5,P04183,234,7.53787,11.808365,6.534656
b1f0b21fc51d9886e4ba61b7c987de99,P35521,235,6.5349593,10.360893,6.1561484
26a37b3a89619e2f0c3f2c121da9288c,P21374,235,5.636837,11.866744,4.4179525
337d745e5c87e6bcb0f85a665c7c8aa5,P38516,235,7.1175356,11.960259,4.40949
330679831a7d599083df959fed439d4b,P50553,236,5.3268113,6.4149785,6.9546123
73579b026604e846fa62ebf88eb99c7c,P49427,236,6.2878456,11.670589,6.548941
f0b81416c8ede5e85ff777b8e018b52f,Q92886,237,5.580808,8.383041,8.679589
6982fc58014bfadc0f7ff58a1349eaa0,Q71FK2,237,8.669112,11.330877,6.0154324
b49bfc2b0de464dea8a7e0cb6c957488,Q2TUW1,238,7.8983345,7.5073295,3.9509754
7c2fb99fde3d05cc6e84a2308a9085cf,P02929,239,6.4120545,8.061379,5.531508
923ac553741e48aefbfe868055206a8e,P10415,239,7.6349325,10.160993,8.535897
3b1719b7752db4993352b27215cbb78f,Q9NR28,239,4.7162023,11.247423,4.6960454
fa6d983945bc83616df20bc95b7142d0,P24592,240,7.908883,8.753504,8.152737
973fcea5d4cfccb4f1016e86eeb3e4f1,Q01081,240,6.5908513,6.430299,4.3678575
d83986604fd84fa8f6c0ffdee97a4fc1,P12579,241,4.8714805,10.23361,4.4456983
0fedbcd6051e1a3d488ec3096b7ee735,P01139,241,8.725609,9.799516,7.3787947
e074bdd6dfdd4f950541a191f552f689,Q4DRC4,241,7.4004364,12.668228,6.314542
9d01df270fcdefb73f9d115ca9f251b3,Q98325,241,5.78007,10.337837,8.603499
fc2adffcf96065d6ee26870ae74708ee,P06836,242,6.4139075,8.819782,2.840825
1dabee1da1398293bbc79fb62dcf0eba,Q9CQK7,243,5.5165944,10.56971,4.298099
503f7a328704ddd30797a4a12841ce33,F2Z293,243,8.531346,11.284149,6.9043746
c08bbed3b350365e733add5866e2cde1,Q38825,243,7.1482697,11.596825,5.054337
8791d5a2e9df6fd4c97ccc8f50ddc743,O95292,243,5.6045547,11.04817,4.52267
b7f736bd31f41aac1e1d3c4637dfbd18,Q92913,245,7.1950684,11.521381,5.4741096
cead3c733e490e8a2f29a95938b53900,P40881,247,8.577335,11.022556,6.382876
61d54ae0467fcfe983828042e77a6786,Q07412,248,6.841365,13.488241,7.1778617
a793b367dc86bccadce28a308f2acf82,Q07955,248,6.7459817,6.1032987,4.403912
2387dc3a5bfc66205a3d98ad79bb6f5a,Q9Y9L0,250,7.812918,11.886012,7.586758
9b89a03bab5d29370c405257ac46d805,P24937,250,6.291095,7.967887,6.0157413
ed2eb181e98920fa11a46f5603e67c78,O32728,250,4.653049,12.562327,7.5377345
b50288d81225d82aeab5dd2b296bc1d3,P17931,250,7.287819,6.8299155,5.6591816
d755ad53bc6034c0384a64b33f27365e,A0ZWU1,251,5.417503,9.697663,5.3060923
a4ecef7904bbd70a061d534ab4683e74,P33411,251,4.915346,11.9085655,5.730849
a95d322438644ad81c219c6322ffad06,P60472,253,6.9254518,12.39348,7.919283
7d52bdb6e41e7bbcc9be9ba8b0a65e56,P0A4T9,253,6.1839194,10.920641,8.50844
4f7b41f6461df9446e634e5e64fdd399,Q49492,254,7.1980596,11.506316,8.329504
4ffd96eed93bd363c7bb8062badbf1d6,Q5R6Q2,255,2.871934,11.132041,3.5072258
1928ff44948fa3ea5987efee89b7696e,Q64693,256,5.8053484,7.236616,7.5067987
5b3786a9df63c8aaa208ddf94fbfa878,Q9KX51,256,9.451716,11.982402,8.183141
992ddb6046504d5167aa98cf7152b2d9,P01555,258,8.792248,10.57617,6.872944
85db6dff79a5eae3164e0fdaad5f7a49,P53551,258,6.140579,9.677336,2.406496
8cea5d35c09ee00e1e29ef6df6b5df62,A0A178W0D3,259,3.9303064,10.693402,3.7473578
fb76678b82fd89caafd517309cceb5d5,Q2Q4X9,260,6.9045234,8.359389,4.9180856
c13503898cf51733b81cdf19e5d521e8,Q9NVS9,261,7.2886696,10.769175,8.207471
33cfe01c114ad48af012ba4c93a527d7,Q9HKT1,262,7.4239974,12.98224,5.847818
d7989acc7a71432cdb7a1be189982536,O43561,262,5.955334,7.725227,7.468068
a67d0690f2f35750724b5cc4e42f3b65,P70447,263,5.228047,8.507593,8.517096
ae5e75f3eb1fb28a6618c9686aa5e866,P10279,264,7.53188,6.8412805,5.4825516
4fa5e74c2f5291cc45bf22560c5a8951,Q9I832,264,7.5820937,8.707921,5.007624
18930d9f747fe13c684923b20f89882a,Q03768,265,5.376648,11.2360735,4.5060167
fe3fce3b83de1afdf00394a4e639dd5e,P31168,265,6.8818216,8.220223,3.8914852
9f31dc148752e26653c67aba0e9a0581,O60828,265,5.540641,8.696681,5.1992908
1a444d912a5cd96c35cd9a84481a8264,P04879,265,5.876225,11.0174675,5.372557
d35eab59f7d53b7da2438592203ea418,O94907,266,8.517519,9.104432,7.490715
2f58b30ecbfee1c25712427b1208e300,Q09514,266,5.550082,11.63534,4.882426
ef641f630db987af456f7d54f7bbfb7a,P37028,266,8.48893,11.6746855,7.032933
575fa2a42c40f40fcd04fd412cc0712a,P12302,267,8.725028,10.85046,5.156574
1f1188d5fb1c600b0f1c9e3dd8f05eb8,P0A877,268,7.079009,13.2914915,7.56493
27d22f55e9932404fdad92302410003a,P46670,268,4.6584773,12.726168,5.6686287
8a9533592a91fa38dbed85022125c986,Q15691,268,5.8280025,10.618693,4.222752
352bf34f67d4c9d0808a6f2fa70d6112,Q99967,270,5.927449,6.224853,6.4545507
bc44d5d5f9a66a44ecf84d8e048c0d9c,P15927,270,5.757959,7.8519697,5.5230594
d8d6d346da23f6d073b2250703f1d442,Q14493,270,6.288958,8.953258,7.517587
4914058628f3a5d8435928907b60196a,Q00169,270,7.7373524,12.115007,5.6485834
69efdacda76fac1c6d1c5212bfc32b96,Q8VHC5,271,3.3983624,12.758823,8.2875395
8ccd400c02ba0162033520ee954522d7,P50498,272,7.413452,9.095869,3.8341796
8ee2cd1607f3cd8c23db8c3c37e732d5,P23025,273,5.116063,11.320465,4.0528045
2f9759f9468e093934f80b3176a4621e,P21583,273,5.885415,11.364836,5.575602
37e2bac7e3a458d9a99627991bb28f89,P39015,273,5.8363,9.224018,3.556499
243b47cc63244a9b44ab8c1ae2710932,A0L5S6,274,8.296107,12.333115,9.37519
c6d385dc642b3f2b7ae5f4f5180385c6,Q6QCC2,274,8.475237,10.089121,4.498509
f4939f49b78c91bad7372b32a5889652,G3V7P1,274,3.0129373,11.2664585,3.4807925
b3663c0a8b8265eeda70ca421c714343,O08807,274,8.180358,12.192937,7.0218005
617cd486ad89cde4f59a9a709336a8c4,Q9VAN6,276,5.287105,9.008527,5.8294215
b8e70fb9b71a14b4c9e74e2b13113993,F9UST4,276,6.990621,12.297445,7.6831207
d89f157e6e8c06b77e414468ebe1fdf6,A5F384,276,4.6668267,13.0587635,5.839181
69df1036404642c746dd5ce8c2cfb986,J8TM36,277,8.536405,12.232061,9.250755
02c8fa126578dbabb41f3ac9dc9a5048,P03607,279,8.733277,10.923638,6.2848372
eafd05b6fd94e9a2d915611531d2d0cf,Q9HAN9,279,6.706241,12.809738,5.8465805
4b857cfe514db6f2834a27c64f4119fa,Q9FUW7,280,6.7169757,6.6990166,6.1013503
b51b08829060cefbcf489a10b771a7cd,P03069,281,4.2568054,8.758983,5.389019
380106ed6820b1e16c0350f859d367c4,Q5RJL0,282,4.614653,9.747085,6.18253
c84e960c28fb67dd430745d1d80c9cfc,P09012,282,6.3465185,6.3214726,5.0716558
b78633d48294c17948cc36cbac7cbca2,Q03337,283,5.491946,11.042953,6.505524
89e76b156357f6ff0eecfb8df7e5469a,P52945,283,5.301629,7.3912973,8.1155
185708c92172b2513560d86711d7ccaa,P38634,284,5.242871,8.963818,5.3681192
36e8fb8ef8dfcb87b5c1ca0dd5e8f348,B7T1D7,285,6.947167,11.339817,7.725702
528587c5fe2b04034af1cc2298afef90,P32773,286,6.0067782,9.919333,4.528013
600ae75bfe93847818e09eb1c4cdc125,P24071,287,9.495826,9.361835,6.224209
7190b7ff7168b2cee8c579ab686614dd,P32851,288,3.125758,11.352771,3.6822581
351ac731404bc95fe773e0ef1a22d056,Q05323,288,5.910088,10.171932,8.205596
6dd131489d7bb19358751d7b2b816970,P09038,288,6.777471,8.727929,8.849299
3db4f353d2966c1e8498e2ebeced9683,P03255,289,6.4340615,9.536284,8.265456
f0f7da3cef0b402d7dc39fe49b8d489b,Q6PHW0,289,7.4688134,12.428575,6.0624657
f2634f6101cf609092f3a61898b6a1e4,Q05917,289,5.6863437,7.977747,8.339539
47ab332ece91b9171cb92d2d1c501697,Q03689,289,6.6149273,11.601602,5.579399
18085dc49132ac66c5998c97ebbf1595,P32684,290,6.229349,12.335572,5.034149
f1db686d5dc82aab0a5c50850c178836,P9WPI9,291,6.8615828,11.060186,9.451738
4f5699b16c1ac6d303acc4ac616eef11,P13255,293,7.5088067,11.607971,7.763294
09112e5056174b30c061ab1d68cec572,P06748,294,5.8679476,9.345559,3.606943
8e08e9af9732f8428bffe798781daf91,P39926,295,3.2243683,11.229135,3.48716
0fc93a360e31633af786d3b2827e5437,P24385,295,4.5706635,11.592773,7.07635
74938048056ae819fae46b0c5e307604,Q6PBE3,296,7.4031367,12.306916,4.83592
c8eff115e88a603fb820c30e68c5b3b0,Q02297-10,296,8.451346,9.184734,6.4635754
3d69ad2ef8b35285ad4a450d15d9f7ef,Q99LJ8,297,7.2615113,10.306098,8.5295515
24f1642fe782e11e6e7e0f82d3114c5d,P90976,297,7.414016,12.530433,5.5970964
d764dfb3304ca06e642f1b19010e6663,Q0GBY3,297,5.7785044,11.279763,5.3598185
591b2819d716ab8a3cf7c54a1c4d29fa,P40855,299,5.063516,9.472921,4.187701
325f5052e7edecd440db56144b3d5449,P76407,299,7.1435533,12.914748,8.050636
a8f4c1f99e15efc3ce57fc42c6fb47ec,P07214,302,7.9162836,10.023607,6.274875
7009389e749ec9c1e3511716a693732c,P02686,304,5.802086,8.592794,6.329227
ae7c399f90ee98a4ed485a4d012c9519,P46108,304,5.0002747,10.354851,6.9162984
1fd1bab2c577b8695b3037e0000f5086,O14214,304,5.3266573,11.692538,4.3915057
73c859596fb195a6a9badc0337660460,Q87WW0,305,7.44049,12.768043,6.437982
8572fbb053f5afc6a647ac32393ef4a3,Q80ZV0,308,6.4251084,11.850154,4.6626067
a3f0627b01345d782f3ae64d91f08f60,P10163,310,6.8905935,6.6258106,6.113143
d69ce731696e20d6a728becaf84a4379,Q6FI81,312,6.3455615,11.859897,6.172449
29bd1227262429b3c72b158d448c3ccc,P04818,313,7.35564,11.453571,7.5104117
f4f0850cc52ade2d97ce08d064951ee6,P10451,314,7.052251,8.948618,4.668553
925c1148bd9b451cefa9b48d96afa4ef,P0ABJ1,315,9.084669,11.416419,6.290015
22e1285f9e082584a8a1921ab817f242,P49918,316,6.109608,7.8333054,7.229529
c900fe291b16fc25d6baad9844c93958,O33599,316,8.104625,7.9401135,5.220608
716e68a97fbca16b35ec7ff2a5d22076,P0AAC0,316,7.4786773,12.538043,7.2364755
f80817a324d29dba5db20f6603077372,P21815,317,7.6610236,9.061816,4.1554055
2c48504df3c20315ce424d3a33c7f711,P25963,317,5.7504992,11.321389,8.351902
670ff182e4602682eb9dd5ea2320b1ac,P29131,319,6.155545,7.6904626,5.605566
6377acf0c94f2e3fccfb248537a1ca53,P06709,321,6.851584,13.133902,7.178345
0c36a13a0864a63eada1654ac3fd80d1,P55735,322,2.8565798,11.158192,6.4741907
09f741cf7383a23695d1767ab47c48e7,P36118,322,4.816454,10.628307,4.746893
1312c22e8ee34be899dfe41a4fcccb3a,P51946,323,4.8098397,11.762987,6.7461014
f93b6f05d292103d86c1d011e34b7159,P25916,324,5.062528,9.601378,6.8933334
9babbcf28341eb7c46c522a44d2d7b9c,Q87P35,325,7.865568,10.482517,5.159234
8dfb72489cab3956138cd0660d761da1,P46669,326,6.771118,11.241747,4.924115
a1b8807b8b681faac32b9fe2c8de4fe9,P45976,327,4.6635995,7.3178654,5.4233346
d3607c929f061d4fa5644d8604b5b672,P40517,327,5.964311,8.40969,3.575508
aa1e16a1eac25ac97a7dc12f089403d3,P14061,328,6.7056885,11.760163,9.137033
909981ff266ee1accd4aa9206a0e7129,P77173,328,6.4935374,7.304709,5.7223115
dfe62346061a816833cd516fb50eaa8c,Q9WUP7-2,328,5.1067696,11.54128,5.3093634
7867d2cb0b7aea8706fc9689df90ec83,Q3LS93,329,7.565569,6.7173886,5.309394
070cf76fa2364143b25970c36eca1fd5,Q9ES89,330,6.4628544,12.47283,6.563458
367e42dc7da613b6bf66313bac94ef1d,O00273,331,5.4052763,10.48849,7.599513
4e233e404261b850d0efa50b5f31fb95,P52799,333,9.174297,9.828065,6.197356
bbe6e9667d1c8e45b327ba9c21b6a7b7,Q92905,334,7.0141897,12.341781,6.216187
af2a36ab30bc54843acdb759ea61df71,P11409,336,6.4053082,13.000438,5.875638
61d403689d9ff3e96141c66ea5ebef04,Q13426,336,4.4933705,11.0571375,4.864317
1cf5c6a659d3dd0e971ca5933ff92693,P36932,337,7.0193367,12.269387,5.3432827
8a0091d63fa2886a56d442734d9df577,P0DJ89,337,5.953275,7.061379,5.8404646
2adeb321a56a9946b74b3f34c3e444a6,O14832,338,7.2865896,12.754369,6.4573283
802c18f8af7418ee101c349d3b8a5070,Q06609,339,6.3150506,12.881288,7.840623
53efc8587a559d5b56e84ac8511008a3,Q05127,340,5.8795743,10.4140415,6.521216
1956f470c6c92a31dd3390842147ca94,Q96IZ0,340,4.6645317,9.206568,5.378521
35f73b81a67cd5f041030380a9c08c86,P15337,341,5.533669,6.220484,6.1896315
84c03beda26ba2abf030a146526c995f,Q32NN2,341,6.72436,10.489283,5.7708154
8d841e0474b30257f6ea30847a91b30a,P0A903,344,8.420043,10.043673,5.4032955
e8c44746a39f3a0e480bb67698162e3f,P17810,345,9.269002,11.719825,7.6252656
c320a2c1f10562df87d406c67482a003,Q9VPU8,345,5.860005,11.200422,4.02714
f4360c19aefb59c2b0f48abddf3a98b5,Q9MAA7,345,8.557577,11.848017,6.930924
2e4fcb3ebf9abbb54d8451eacc74ba6b,P50616,345,4.906522,7.137917,5.7070427
4578d4b6a8eca9132c7604c4200e0ca6,Q9UBE0,346,6.596335,13.025279,6.620261
7e18341e3723c6bf8a71b95dddd6eb59,Q5UPJ7,346,4.9249563,12.781937,5.513432
618e294cf1bfa1f6456b65102f7406d6,P04083,346,4.87058,12.173271,5.0127687
69c46f045c25945e152937c7f4874234,C6KSX0,347,8.324931,10.480389,5.279052
ccbb38665a5cdd919869dffb77dd6ae9,P02699,348,8.429387,12.495315,9.65881
f0dcc2f62d9a918c989cfb7378233491,P22868,348,6.570706,11.925235,7.9947934
b17b064ffa2cd4d237090cfb06de36fb,P36152,348,5.65062,11.524832,5.054069
811a7c2a0aa8aa0937bf63d2a8795358,P04383,348,8.501831,11.257292,5.6018357
84e5c0d17f16538ccd2e535828d137df,P27001,350,6.965376,10.976734,8.540056
6c329e919ca33ac5899a5d794a634250,P04695,350,5.3045735,14.053368,7.650294
6539decedc4a81ed5966f3a574a9bec9,P48439,350,9.376094,11.845265,8.353675
f53f4f38a7cb4fc494c21d4c59a35528,Q12972,351,5.3569937,9.6014,6.0306606
1652d8ac312abe9a36eec5631d96bcc7,P61073,352,8.289623,12.520112,9.614396
f4cceca006041b97740c056a1db7a427,P16442,354,7.592162,11.220431,7.940799
4e2bd848cee075a82407b9825a6f9c47,P23202,354,5.8232174,11.643501,6.5716662
30ba7e3536ffe954ab33a197bdc318c9,Q9H832,354,6.486117,10.026291,7.9565344
771b0d0c2f8e2e32d5a104cdeb51f88e,O50835,354,5.04273,10.8932085,4.586361
fec303c471974bdfa29b7b32697b39ef,P07674,358,5.856735,10.103034,3.7466362
45fbc02ca6ff0993387242d1e2dd1ac8,Q5NJL5,358,8.34495,7.851272,2.6990764
e1087b9a76157fa39d24bdf96641b0ca,O14745,358,4.2645936,10.178099,6.4756684
e4565e4926eaa64bdda5572c25850a3c,Q91006,359,5.106574,11.273966,5.4682994
24535e9476a297785500c8a788b1c0d4,P35236,360,6.880944,10.857492,8.207489
c67f43b4c271800bf1b86b75fd06aaf7,O95149,360,6.620971,11.577463,6.2683263
3b508f3d479c945b209cd59d75a96e6c,P54252,361,5.1505175,10.921122,6.3465223
60f7269ae334d7862adb80c9faee5a3c,O75683,361,4.7630715,9.895978,3.8955142
ef6dcff705257f922859ed2c61483e89,P03087,362,8.34718,11.395428,5.5767193
c05029c8966f75ea99f57dacc183a1b5,Q53GG5,364,4.747313,10.067705,7.2059956
fd671223efe35cbea342e28c3b31803e,Q9RJY2,364,8.8962755,10.257679,6.3594947
add54d1a33f8caa6615711f2b5d5ba89,O00204,365,6.4429026,11.2632885,7.6252112
fcfbfef91c27281ddabd4cd767978b82,P03120,365,7.172077,11.693983,6.233763
46bf5cd8deec62252b92a76f80afd163,P06132,367,7.31945,11.964216,8.113795
2133ec6f1b43608d38da9e2d46b6b605,Q9I332,369,6.0534697,7.936455,6.965217
6384075902f961ba211522381623c581,Q24139,370,5.342297,8.089225,7.256672
56b41f99bfbb17f092a284082bc98236,Q5UPT2,370,5.4937663,12.336649,5.4868684
73656ea7e5e42f9b268045ec36a8a149,P23441,372,5.6890044,6.1997046,7.11915
635b53c9fc307302b28ffb8f156a36b4,P09651,372,7.0189705,6.1898446,4.8145742
2dec54fb2329f1ded5671e4a5c94123e,P50750,372,3.924004,11.522818,8.804456
039bdcaed4b963708412980cbad8de89,P40316,373,4.9756894,9.440612,5.036061
42da49549654b2834d4dd439efa53b7a,Q8WUP2,373,5.4878364,9.285156,8.009122
8baf7ce9f4b8b9ac6882ff80348c772b,P35247,375,6.9336305,7.380485,6.566031
e2a65a197fb38a1c189138d23a86bc98,P69924,376,5.4601197,12.246431,6.017079
e4d45a4ce8ba5b438f720663408e35cd,P03176,376,7.2508035,10.836827,9.042767
a0b32ac3a7c7584f487209ec37594891,O75554,376,5.741032,9.443161,3.833742
e8c571a646fa824507b79bb581464cbf,P16333,377,4.711317,10.72493,6.767031
ab40d8a6877508e3582d83c9e8d145a4,P55036,377,5.8785014,9.518686,4.388609
37f1d33bf96c0b1e6bc8e2bdb8101050,Q22472,378,5.454521,9.186292,4.227193
458babba2397884d6e7f63cba96e6945,Q16543,378,4.5706387,10.775677,4.072581
46e121c40a6a2ea9b416ba4d0fa5173a,P49354,379,1.9156017,9.550836,7.937876
a8510899f639d884d36972daa0006aa4,Q86WV6,379,7.442477,10.702738,8.530516
8a6e244e9fb0a52b47bd44e5d7657e29,P01100,380,4.7466145,8.2488165,7.578004
67615f8348291e15688e5f395cc6fd2b,Q29983,383,9.215908,9.670075,6.5233693
d7781510e92a3b8a56ba15630c1818ba,P16458,385,6.5940685,9.594056,2.4845226
d091494802054d3028f8b2835b105938,P15309,386,7.041582,11.766116,7.4031305
4530487efbcbcc29a48f88bac443f446,P08083,387,8.02225,9.87508,3.8694293
0e95af526d4b5de85d8c36e8fedb36cb,Q9UKT5,387,6.4721622,11.318581,7.832708
8d8ee190c4102fee9734bfaba6bb51dc,Q9VZU1,388,4.3922114,8.829273,7.182699
145e6a371f77858d4b0e355a9fc9a9bb,P83949,389,5.7698812,6.306745,6.8462505
d71fdec53480702b3083cce071822edb,P01137,390,7.811603,10.545125,7.9396424
fd380fe00b72f8ea55514236833e896a,Q96FI4,390,6.6150184,9.264607,8.606566
481aff984f0e802b9a09386677902b84,Q9CXY6,390,6.3386116,10.8835535,6.0720267
82f4176bc0557a07e9622d61c1900c31,P14598,390,5.1186867,10.467751,6.5994616
964b3ca2737c8b141979af85f4cc0a78,Q02548,391,5.464081,6.390032,7.048407
8ca3a1fc739b3bda4f907fe1407b8196,Q9Y4P1,393,7.180828,11.279493,7.770868
5fd45370a67e990183da86612ed9db78,P07221,395,6.1555085,10.879991,4.5180144
fc9e4f30454a5ee59430fb89209f5821,Q06208,395,4.865253,12.9012985,5.691436
b36b233c78a7d3a32ac5d4fcc48856ac,P28229,396,9.285163,11.536898,7.772032
1633dd779b1b277902906e04f32a2675,Q88QP8,397,5.846713,13.829275,7.6010017
99c62879b7718ab7312fa385c4d5f47d,O66493,398,7.393908,12.807041,5.4507866
f322b34e1611b2e64cbdb88d61d5f985,P42866,398,8.280709,12.479428,9.714438
965abc33a7f11d9850649cc9b990c332,O66858,398,5.0128875,11.897303,5.243607
18f1658de8449492aa71445de2cfca09,P32628,398,5.7603664,8.340117,5.001821
cec4d0a0b73976a17b8ee8a7ec4eab73,P09938,399,5.198865,12.393113,5.132337
404636c0fbca5ce812a33fd81c6c5e60,B2LME8,400,8.882146,10.038557,4.712819
fc0c1c241dbda3c1af9debdec0587be0,Q27934,400,5.1927934,8.548926,6.8786573
ad78061c2a7552212e3bea1315dba15e,P05121,402,8.201297,11.956894,6.5238595
d71aca87c9c759db458a90aeca532e01,P11309,404,4.483596,11.056829,8.781901
0723af56546695809206bba0cb109bcf,Q9BS26,406,7.771756,12.365506,6.8628993
4ffafdd338e4b5673a9a521b045e7417,Q16186,407,5.7182794,7.4895205,5.407339
b92ece1f5902dd09483fda18e61a0a62,P05455,408,5.998943,10.685643,3.713175
7cf94cc7d44f4c529ad3a08fb464ef1e,Q39532,408,4.040747,8.861959,5.83333
4efb7b34cf796ede3a0bd0ca9b114e11,Q13569,410,7.063543,11.037876,5.5731087
f08ed38165f7a9b4141b6c644c787677,P24864,410,4.9801435,11.192693,7.3086805
ba2a3a48e9268a4acdbf147e35e0d132,Q9UBB5,411,6.5331244,8.214992,8.086116
7729b3238384b417c4d5cff9e8f6a4a1,P29274,412,8.044245,12.427234,9.687936
d21783f4e4f170aa5d52741bc444bf07,Q13148,414,6.666591,6.266125,4.9201336
a0214fee822d384ff4c5348e374ebb8b,P52597,415,6.482941,6.1364913,4.490635
b78f477508a2fb1765530101e9e9e861,P78356,416,6.863989,12.503423,5.786049
b93e888cdf7779a49d63ac24167e84c5,P31324,416,5.920521,12.5969305,6.7631264
b74af42ba4acab5016f6783852bc6536,P27797,417,7.1918006,10.453125,4.1966314
571c61e3784b611dacecd25b99c5815d,P43351,418,5.6007466,9.401154,6.6510563
a8175c7f6df469ccb8fa6d2386275a4e,Q14722,419,6.645736,13.016827,7.561357
4da7bdbc2f96924f4a0bb1d28c4e1eb6,P32170,419,7.1491942,11.55697,8.265997
8580c0c660d37d9762c7359968fdc105,O14733,419,4.3677354,11.355965,8.584322
79da7dd0175e2fbba9332d6b6a1367ef,Q9Y6K9,419,3.2300005,10.571544,4.655304
e93d83c1970d960dfc0bf3c997157eef,P49841,420,4.1697674,11.503342,8.774801
22639419ee77923dcac396c96e37a203,P32120,420,7.718961,11.135014,6.0248303
0d58d2fb37c7641d98019a168b13d22b,P07598,421,7.416132,12.465309,7.1165
a8ab30eb34bcce5ccea87483995db37c,O23764,422,7.2361155,8.738296,3.8844557
1b98ad52d37db73536e64c48cd186f5e,P50440,423,7.478302,11.794591,7.297927
e441559e62d160d7345fc12d6c40dc15,Q2KIG3,423,7.6846123,11.600676,6.074138
52b2497e52577fdc30e0061a1944b6f1,Q16576,425,3.0111759,11.328858,6.3251724
b0f0d7c08526ba669da1df28620cfa7c,P08476,426,7.1553226,11.452314,6.107676
87d29ea0e0e4b1c8dfe511386e56f8cf,Q14653,427,7.1391525,9.99699,8.475006
3de91af361b22e90692651f6b799874d,P36578,427,6.611454,11.094056,3.283718
4e91f7ecd4f0788fef974a33afda71b5,Q9JPP1,427,8.262016,9.650899,4.4256606
817343d8eb21c6d9874064d904b3aa5e,P41969,429,5.2719984,7.5443697,7.2529345
b4579a9247886fbf6ad1ae76281d7cd0,Q9Z2F5,430,6.904374,12.404247,8.634493
920d0a75588450640b14325983b57c78,P28324,431,4.116357,8.186914,6.393153
df1a9913baca9b8940e5338b8f2a3840,Q68FT9,432,6.832881,12.8375,8.305394
635cab9a78da3453725d20de6c8709ac,P14635,433,4.741784,11.34335,6.874383
f9f8dac055db1d451917d0192df0dec0,O75469,434,5.1585426,10.772045,7.237585
b579b0ed72e262bfe1da8d27b54daf55,P84092,435,7.4292088,12.090223,5.4274073
e9caf02d803dd719a3ca8ff6a401607c,Q02554,436,6.017143,11.419202,4.465359
1ebe698c28533771b100dbfaa22551c4,P62495,437,6.788491,12.819657,5.5517135
74f8df526bce906c2e3d72bac31357fd,Q01094,437,5.5728183,8.696058,8.337477
fc5b2496c9fc9d11ec7387583745ef41,P01106,439,4.6247725,8.977499,6.973754
e87bb334669fa3b066bc2ba4ce41a565,Q13501,440,6.2609267,8.864337,8.02894
4305fb1988a41d68599001842b2345ea,P0A6H5,443,5.75271,13.044869,7.555899
522ffd3c3af33d33de51eb621724bed3,P41352,443,7.155057,12.990757,6.7156553
a4b81aa3d24e0f0fdbc54106446b17bd,Q07666,443,6.6694126,7.070192,6.0461826
f270263137f602633db979fb1e200dc1,P50477,445,6.5133305,12.223881,5.689343
7aad7cc122990848a535927c16b7efcb,Q9TY14,445,7.720601,12.316961,5.7703233
047eb22f6dfe33a4a92617d65a1fa82a,Q67953,445,6.06205,7.6412816,6.9326453
3da83cb076cad971e094b213791ea5c8,P05371,447,5.768819,10.960724,5.8916636
a27f7c1765b38a4ea4f070c8b64648cb,Q9UKT4,447,5.94009,10.880357,6.588054
2a9ab5e1279f64e4d3838c2e7f6a7082,O15922,447,6.886443,10.429272,7.7202153
4a3c60b9cd7a2b651bf756dc87162d7e,P05059,449,6.4995327,8.769818,6.5164385
7e239e0da9f826630c337cc62cbd52bd,P40719,449,6.6480865,12.535248,9.236198
3aaba50d9a4036d90b9a90a94fa12df4,Q14457,450,4.863247,11.303744,5.0625534
e24cbceef5a5a89ef0b2935f2fb8e375,Q969F2,451,6.3847604,8.423571,8.261998
e6f9e852cae64be520c160a687f4dbc3,Q57565,451,5.733272,13.272605,7.252877
fd8af2102cc86fe0dd83a2e9fc2ac75e,P40161,455,5.958109,10.953352,4.779411
232c13e5cad19a1e46f59c9ec798cc92,Q8WV28,456,5.3574967,8.746675,5.7957683
a68bf8fc94c271c0f7564e465ff6871e,Q9Y261,457,5.72651,6.193061,7.035139
a06a46da2a5074e73e15a0d6af4ff4f0,Q06433,457,5.784392,13.1246605,5.91563
2f93709b76736e8175c78afbfbd86168,Q13451,457,5.8924575,11.164056,4.0902066
91ad571225fa48d4b2c4698eadd20e4a,P01730,458,9.399918,9.207638,6.119816
ece138e7d403cd2f1597c723a72f1676,O43464,458,7.028642,10.630672,8.9762945
1596059f80d5d9b7391c9f03aa912fdc,Q99LM3,459,6.3267217,8.48162,3.7009993
f62a998386a21b9265bbad8b8c9e1acc,P19793,462,5.0782356,8.885094,7.326778
c35c384d70cd65559ff13eaaff8737f4,Q8LBP4,462,8.650922,12.250722,8.573135
e948bb702acae41d99bb8cf9b25a3038,Q9HD26,462,3.866225,10.379843,5.2170053
ef9d646473e236a2d4c5092846999606,P53136,463,4.216639,11.768461,6.0223217
53a24d4e7eafb7efba9e737d57c3de3c,C0J347,464,6.07843,10.051552,5.165674
aa5ebc040a73c561149ab7792b896666,P53779,464,4.161029,11.586919,8.628453
8227a1542545361bfa486f38db23b74c,Q9JK66,465,6.035722,10.368826,7.050431
063d622af96afdec941a191ef14e66a2,Q8MWS6,466,5.0335894,8.894505,5.6576176
13499a20ce31cb7ceac5a79fa71d23ce,Q9JIH2,466,5.3537054,7.7673926,3.7948844
097cbe2ff918dc0d66c77fad43e2f284,P49768,467,9.1779175,11.913204,8.333757
9c0c00aef6f42840634f17ee6f27e750,P15273,468,6.556339,10.359903,8.006112
8e131663c3b40a80d3ca58b0dfa0233a,P49005,469,7.3824806,10.556792,8.166643
7068109ee2617624556da529a8957f44,P39900,470,8.551415,11.054968,5.7535944
407806204d7fb1083569c7a60384ed61,Q02199,472,4.9887486,6.912543,4.402743
388b7ed457d329d63cf84105126d4989,P53378,473,6.2426248,13.024884,6.36308
004cef7b0dae937e6d722817c17ed889,P30307,473,5.552525,10.710158,6.7952523
b86704c84c7a59b7c034d60a6b8d330b,Q9C1S9,476,9.036889,10.253206,6.218914
220b65ebc9aead472cdb37c7714933cf,Q12406,477,6.262638,12.725754,6.7730136
cd22b32ea00575d7ed99e863217ced58,P24255,477,4.7488875,11.519369,6.2307496
80f3bf7f99cf71ffba3027de669cf07d,Q6NUK1,477,7.873745,12.616794,8.756686
8a9b1e7e1df8344a48f2953702c6fbd8,O43236,478,5.669244,13.998424,7.4029565
7036d902e5e3080617e84155905000d8,P41814,478,5.7335796,12.714532,5.565985
0cd2434275b3e01a5248f8018a7d09fa,Q9UMR2,479,4.9376273,13.003738,7.474538
291d01e45302869bccc586c5d8802475,P9WNR7,480,8.085338,10.278563,7.1378746
9b880f5cd23b53180dba385047c4abde,P36100,482,5.7347717,10.002411,4.4292097
41144d9d8ca8de2fe9e65c57cd7d61d9,Q13547,482,6.72997,12.831561,6.3727746
a3d122c9e482cf0371ea234e0725cbef,P33322,483,6.318786,11.599232,4.6543016
f6af137e2aff3f5a4f5607d94f9811ca,Q9UMX1,484,7.3900957,10.568755,8.002608
467f102e59f92c9e9e152a97c4b79cbb,P07986,484,9.110055,10.248974,5.750055
cdd6ce22300a834961d0a3c3119f658e,O88998,485,8.620669,11.057413,5.883692
d9564591d7c99190e48da325bd990495,P10104,487,8.074708,9.893839,3.753698
0ec46bce245a2a0fc7c97a601d2a438f,P80428,489,6.4917016,13.05543,6.4503617
d114f45bcac670c87c54c26f8750f74d,P68336,490,6.696637,9.711667,8.913268
50ff5c8e696e1310ea19fdc4c894ebc3,Q13188,491,4.2777596,11.961744,8.358761
1ab228ec404807ff7a3f0c4d7a722716,O60701,494,7.165095,13.2646675,7.1531906
9ae4bfbb652ef1d0644dcfb4e1cddefa,P06179,495,8.20132,9.913129,4.0210986
0bc077e6469b6ffa4f275bbec990e95e,P77522,495,7.672004,12.753762,6.708206
233bc2755a82238e8bb6ecca7feb7762,P10121,497,6.149709,8.544747,4.3623247
b891d83b915b166417ced65ad105e548,Q00987-11,497,4.5087843,9.57688,6.5356584
02bfb6e7933ff7691596243b73dbe6c9,P04177,498,6.503469,10.872165,8.634172
24bc73ac40f30c750d300624eb856f4b,Q13568,498,6.4126835,9.673086,8.22345
92888a2e9f1c07cc5769a59d74299f5b,P53041,499,5.559397,12.317204,6.7704678
46cf2c6112920cf7407044a98178085f,Q12834,499,2.9223173,11.076856,6.6055675
82f2662be07ff6f804b245c49287ab8f,P0C2E9,500,8.641306,10.228868,4.3831596
16e93884be2c76210c6c4fc011da10fe,Q9M4V2,501,9.116566,12.001988,8.112922
c64390fa64351184058a70975ff15c6a,Q99958,501,5.4213963,6.6436057,7.402544
5d9bb1d588b9d77d326c97b05d1aa51d,P42768,502,6.58407,6.772528,6.3730526
a1c3e3feb1d337db20a917e8fde4a402,P50097,503,7.152244,13.333494,6.8415585
806d3d6623658aa7fa64206db33c30d6,O43516,503,6.2017984,7.1805425,6.599292
ee00c5e5e15f1ce0df80df8f9edd2e73,P46937,504,5.7379656,6.5453877,5.7998238
bdeb804e3856ed3597653d08864f8b1d,Q9UMS4,504,3.1046076,11.235227,6.6238737
2b1b8f9dfc4399f59f801ef91703255f,P0AG16,505,6.5516877,12.9590645,6.6858263
68c3823e954801d5014d82f6acd14907,P37231,505,4.858351,12.0537815,6.371949
fbeefcdcb196814836c7b83cdbe735d8,P98177,505,4.905907,7.797525,7.565916
43e5d80b7978294346479b8eadd52f2d,P32566,505,6.309152,9.50267,4.7543573
f1eaf3f5c5edc0b0e0fdeba3651c2fe4,P03422,507,5.8466353,9.902099,5.6044745
1c0662b2fba07f5795dbd18f99aabfb0,Q02078,507,5.423056,6.571758,6.4270167
729f704414729afef0082f662e9fba3c,P28583,508,4.028279,12.097205,8.536795
4bef06853109012611b5071b00af87ba,Q96F86,508,6.277731,10.807838,6.946279
12a65e086cbe6a026fd94566f7120aae,P12081,509,7.152033,13.128102,6.476782
6e0d5fee24ba819f1ead6ef64bc4da1d,Q01101,510,5.418071,7.957648,8.407369
43c462c90ff5dc4f96c7550bde8d7c70,Q8IW19,511,4.671401,9.561542,6.3428364
0d43cd1ad0c570a38cf9f0a8dce8d450,O43474,513,5.276908,7.4484277,7.9200664
9fe17ae80a6e6899a2c9d519df2ff7ce,Q8R316,516,5.3017936,9.856266,6.8357344
45a7ff25e41b953aede7ff97f29a1f18,P51449,518,5.071781,9.675854,7.855899
a0008748eae2588e0694f7f582500d61,Q08209,521,6.4340863,12.479928,6.6514215
3a27cfa90f2c0b772c97167db350177b,Q8N5Y2,521,5.133143,10.372292,6.2378817
ba496d204eb4959fe82b39e0f021e606,Q93P54,521,8.022055,12.026609,6.1905284
05dd0ca1a3b4abfec2a2ad7a52e87abf,Q16222,522,7.2712574,12.333544,6.659924
5dc016d11c27c427deedccc92f511bfb,Q07097,524,7.4713902,11.365885,6.375417
7088e28259d7b274f0abb634f2c4cd1d,Q8AVN9,524,4.503948,7.847705,6.7548084
fe15f12a73627e411d081ac2c75a08d2,Q89933,525,6.8231287,11.243062,6.5991726
7f09df084cbf0ab041a0c7b8a1487778,P03265,529,5.912861,10.179201,6.531408
deb9b0980360d5e409b7c9fa0aee1aca,Q15517,529,5.9357915,7.4093738,6.9854817
41b86a6ca22290804b4c384f243074be,Q9IK92,532,6.648695,11.091648,5.906916
6b2cb0a91ddbf8f238e0c29552c50529,Q9H816,532,6.53579,10.948766,7.7122774
2384b8303cf754fa1b560afd8a02eeb3,P36894,532,3.9497209,11.305907,8.563083
2e0f4a88dc6f1f042d9dcb2e813c4063,Q9LQT8,533,6.7455244,11.452021,7.695236
19baae31fc0daf7e9d53101fc62c3efe,Q9BJX6,535,5.1948223,13.094032,5.665282
b34856872be278010271203e00bee542,P12931,536,4.328936,11.085661,8.300766
883e54e7787f88bdc6ac1080f9f07d45,O54928,536,5.3989353,10.187093,7.0246077
c061eb023ed0c6253806d75a0e721b49,Q8WUG5,538,7.7716618,12.252403,9.569589
78d0fa01f9cb03464d02ffb8443e8a42,Q14449,540,6.01863,11.095654,7.0488906
b374e1cbdeb53ad6420566d39e815103,B6KJB6,542,6.0242558,7.746133,7.3843393
2a28af78fd0823ee2b717c6acf1e9019,Q02821,542,3.9228966,12.201601,7.319909
4a42683ac1f6666a8a5e6e48f4772ce2,Q8BH64,543,5.7503676,13.78149,7.313447
c002889a1265942f22c0d60945904246,Q9H211,546,5.943263,8.947337,8.714588
0115b4447d6911651804d1303bf5f272,Q9N4U5,547,5.2582073,9.034888,4.758136
c49b97dd09459f4cee115eafc46e673c,P53954,548,6.141076,12.802414,6.256706
3ff609d3804c06c319816da96c676430,Q2GI62,548,6.3970003,8.33004,4.263043
1cb932f23b436616e9adfeebc5face00,P02547,549,3.389821,10.280277,4.47121
cca5e64f84c5721cbcf0492139ac276d,Q04206,551,6.322464,8.078319,6.6487365
99ef8ab75c62903b99ef156ed0621cf3,Q4JC68,551,5.0210204,13.077645,6.687942
c6a583937bab25bda0397d860057a54a,Q13485,552,5.7894235,8.006791,7.1183963
fb89c4d02703ca38b04fc8b419378795,Q09882,557,5.2386646,8.928568,5.1829643
98195694477e4255201af9d4eba41d44,Q5V913,560,7.2818623,12.433169,5.842269
cff6d8112b6a70e6ab31cb5f1265a1ff,Q9EPU7,560,4.6097765,9.16167,8.294419
3304b21afa342558ea826841290b3342,Q99741,560,5.15437,12.603222,7.315652
deebcc62ac0b18e4d145d30851cec7d1,O30916,561,8.085202,11.853997,6.2732444
7defb262d330443238048d65d3199629,H0W0T5,565,6.630378,11.96359,8.597159
32202e82bda53e43865eca6659c54e7a,P13102,566,9.094136,10.465796,6.041364
a63da0c87ec669c64ec2dce6ff079448,Q06696,566,4.9357314,12.74875,5.9112973
5f3c51957684d959aef27fe1997c2728,P37173,567,4.057853,11.180929,8.659981
348d9c60cb7a70b47fdb1961a0addc50,P04859,568,5.5370994,9.1422205,5.7184806
ba05abf472c72920b0d36db229b3d33b,P42568,568,4.733037,8.876244,5.9882627
7b157d24bd4d3e4935b98662e14bb647,Q96AY2,570,5.676281,9.734636,7.603511
622cd403183e1bb79beb28f41b208f46,P30429,571,5.1123743,12.607101,6.5346193
7814878d8317971014ca898c32a7ce6a,O88339,575,5.174777,7.805781,5.6298223
3c13adea75b98b06b86249bacf4c4bde,P16009,575,8.215627,11.483026,6.0024967
4aa48e260bc060f53a93ebe60cfd8dbf,P04147,577,6.3396316,6.306092,4.670659
27b9f5d252a7c24d6a1272b5048b1ceb,P70604,580,8.617172,12.022278,8.772309
ce132a4ade79e56e9867a5c2ce171ff7,Q08605,581,5.4895215,6.1585073,6.3548083
6553a4f4915701481b3d5008d54bc319,P46014,581,6.0234594,12.183316,6.742688
8166426a347df465adb7d98c38e84e0a,P0ABS5,581,6.338454,12.720929,7.6085176
c69370250f8d0f015876f1fe0f9ec359,P53865,581,4.058069,11.239616,4.619807
a572bc1ec9a7abbd5ca82ed2e6b53401,P09883,582,7.53219,9.292712,4.135425
be0e7329de367bb231f318e9e826b3d1,P29353,583,6.5691175,9.340385,8.128946
b7e777dfc70eab3be2d6e4eeb5ec99ad,P53632,584,5.626406,11.858026,5.0521493
45c6b2d195aaa3d8c3b728a168945ece,P07476,585,6.619278,7.753903,6.0434346
b58c9ec67d5a021f2cf87f2ef925f029,P15311,586,4.023904,10.656561,4.058567
77e4875b89b2478cdf06521b80ee4f11,P34233,588,4.602437,8.468261,6.262972
5ae99d8e469bd4d835dc8cee77184b89,Q8RY59,589,7.305556,11.743838,5.7876515
8fcf5bf3ad7d04c107260d1448d19044,Q91V27,590,5.4844975,8.819674,7.9205146
4c8b7de6d2b939aef10b418fdadf81cf,Q28181-4,590,6.591266,8.452097,6.8575506
22b838d24d13b1a0768a8c4750a19051,O96013,591,4.6404495,10.337841,8.628691
5679f6cb8e132c59488974ed52400524,P04480,592,7.5684953,9.355956,3.7393484
c1ee8aacd3e40883570be49b1264d09d,O74774,592,5.837025,13.672676,7.185751
2d7947edfa1ff89da8be8f470f70d4c3,Q49AN0,593,7.419542,11.305163,8.080215
b08a72ec79d891a74e52c22d6fa213bc,P03372,595,5.3038106,9.068234,7.514997
66f0fb633cdcd87638e848c56052e849,Q9UJX2,597,1.8804635,9.833371,7.8299885
fb5aec671520cf6aab02a5a3862c2aeb,P38038,599,6.7462583,12.255006,8.137411
38c1afad0b2533c92e34e107b4380138,Q9UJX3,599,1.9977673,9.75437,7.9815
c0bde47902d48c22a8981c6985164ea5,Q72J05,600,7.0092254,12.43015,9.376083
4d15c3b3a33ac67c2137349529ecbb4c,Q9IH62,602,8.92307,10.496733,5.772847
64384450345881b482b0cb08336f85ee,P53350,603,4.456666,11.446728,8.469341
117b97a399e87be2f7924ce56f248f54,Q16236,605,4.0522246,8.937855,6.138476
51a79a53c8a6783503498c9f37a8317b,Q676U5,607,3.0983605,11.0647135,6.535195
c878cb934628beb790924ec9673cd034,P12956,609,6.1220317,12.290215,5.2199154
64d780cd0f2c6ac9f8180f8c466442ed,A2VD23,613,7.308142,8.373159,3.7324538
1b5f7f6af1a0dafa1df252521d5c2d24,Q68DK7,614,5.354424,8.379445,7.879706
fa6401582ffc2a55a02455f4f436e3f2,Q9NQB0,619,5.0744267,7.0637674,7.0530024
e3b2d80f9b7f4b32b0d58fa7a52e2d11,P43403,619,4.156301,11.090483,8.462262
e5ee0510d5e5b21769ec2369323734ab,Q9UBU9,619,5.701042,11.278609,6.0783696
1e99fdb69fdd6cb13bda7e5c88a93a8e,Q13042,620,1.9219745,9.731226,7.79972
ea33748e2e0739ddef07fcb3b3aa23ba,O43663,620,4.1182175,11.082141,4.669863
59b67b49698a9c8be2d09be79ae19c3f,O75928,621,4.364457,9.074189,6.801189
13ba26e0c0255cf521096acf7b1ab0a4,P16471,622,8.647417,9.323436,6.27057
93a6515cac8caf80624647f77d3a9ba1,Q9H981,624,6.7234945,12.406479,7.0416985
9c4f51c422e6788859a1b49befb30cfa,Q9UHD9,624,5.6092854,6.8325496,5.4355803
a049fad2aa9970a8346e1927a2d58b6b,P38862,630,5.9440527,12.676441,6.324932
691ec784d74239a12df1ffec8a829c88,P20823,631,5.017448,6.8499904,6.7798247
84ae733c9d52d5d4c2c1cd6edb578e41,P17405,631,7.732447,10.566124,8.4102745
919200cbc3d1f02aaa43b717b6350ada,Q06787,632,6.4716887,10.007934,5.2912908
dd2023415f9444de876aeda6af37e478,O15350,636,5.698652,7.6922684,6.8423495
9dc4cc9dbd95bacb2eb25d6fa121af60,P10912,638,8.693194,9.631428,6.2020106
2dbdf99b2dea2585385e999ca470e72e,P08240,638,5.8909407,12.831731,7.2732325
b34a234d01dbdc6787e90b100263191b,Q01924,638,7.820116,9.180849,4.3622746
44798ba803382e8e78b661be2362683e,P31896,639,7.336103,12.552302,7.8236656
5b5348a6abd2715f3cd237bbcf137049,Q9UJY5,639,5.37036,8.23587,6.087874
a0ed3d44336b943126cc1e29c2be57d6,P50542,639,2.3397536,9.793395,7.9899673
f0ad269a2b46d81b3f3dab9e53947136,Q15637,639,6.3435764,6.37642,6.0172715
22c4e9b25f9fd4c97cbf58fe2be37b11,Q9UBT2,640,6.5746803,12.626647,6.300691
ed0e3364955e38a09d6f02c256737d93,Q9SKI4,640,7.9078383,11.722914,5.366767
693c7762bf152c58e00ff05e19347899,P01042,644,8.546746,9.972811,6.234818
e743d94c91159706cdbd2f2d54625ce6,P30291,646,4.7360506,10.3878765,8.677411
d231d020cb5d921e3a7c5bbe10089245,P04049,648,4.2569194,11.1777935,8.543303
8394132504dec8345df7d5958b9fc1dc,P07140,649,8.890078,11.391609,6.8214207
43c2dbf1998c5fbb84fc1a0b9dd4e57b,P37727,650,6.042814,11.525136,6.3613634
d7165c502e31dda3724292907da8b11a,P19880,650,4.3696623,8.271219,5.4932632
96b4cec247aab80806ffb5450530fb8b,P40357,651,5.028504,7.1536665,5.2704606
aa11efda7c49202690301e6fcc0f46b5,P49757,651,5.6621103,7.8283067,6.2149863
b04f9ef9716481c02b8da21475c3a150,Q96GC6,653,4.7086754,8.63701,8.12817
7e252cfb7be1df82f119501d6e17a2a6,P07363,654,5.647775,12.649983,7.944911
b1c6b1b2ad5af5823a68d7c9d4841f9f,P11021,654,5.990937,13.221344,7.5047183
7ce57861a006c6ee68a09b037751bc5b,Q12778,655,5.281814,6.6672797,6.9125934
c171ab073ae917bb66f36b0ec1ca536e,P08510,655,8.28819,12.101629,9.253593
68c5d4bccbbd2dc851fd12104d1c381c,Q01844,656,7.1848345,6.5085196,5.2752123
508bd57386267f92a0213ac185549d1b,P20591,662,5.315404,13.664412,7.416263
f6f96c5649102d9d90da4d59cc85e808,P16050,662,7.1900268,10.973588,8.213624
d538bcaafd2c39381572efd93acd371d,P0ABI8,663,9.178565,12.111469,7.9895587
6ca94e87bf2042ea09bf34f9949a3c7a,Q9UM07,663,7.2087784,11.157871,6.793288
9fc4872140ba60d3f16dafe9af55de22,Q24246,663,3.11851,11.040894,6.3200607
68a575f1c5297d1eadfddc5787428bf4,Q03281,663,5.3741508,11.12597,4.8947697
eb7150b50eb8f886ff7e2f733b1dcf05,P02545,664,3.1818564,10.488927,4.6904497
53c3e090b3585e5fb827ae531e568e8c,P20444,672,4.3746843,11.681566,8.33636
9b579208071635ad92491162d508e507,O75807,674,6.297291,8.60813,8.449548
7634dfef65e9f363c7d7636d9779de4a,Q9UQC2,676,4.736993,8.109038,6.7599673
0f70f5017d1806b90f972ef55c4a6d5d,P22121,677,4.8402023,6.784039,5.751418
e27a2ec900a01ef949b62cf24a8904ad,P59113,677,5.6461096,11.713523,6.369343
d44eae525067b9f4204e967bf64fc769,P49848,677,5.232916,7.74292,6.7129664
c4f7b303533bfd9cc287b6901def3d7e,Q7TP21,680,7.8323884,11.444088,5.697045
c90fa736edd4197deffa6a788d1f4e7a,Q43125,681,7.193392,10.8895445,7.8823047
7b701327ddf6d34ccb257c9448b37a1e,P0CL52,685,7.2245693,9.379821,4.3693748
b9824b5a585189d8f331ab6cc8bd976b,Q7LKB1,685,6.4109187,8.95819,5.339436
c8e2019b90dd3f6de70ef4f771ef6c02,P07342,687,7.182009,13.073256,7.640093
ca2614c0b1d726171b847dca90b7135a,P13551,691,6.056606,13.712524,7.101994
85d6e8001df25870c6107bf00a8e2b30,Q96SD1,692,5.650756,10.722195,7.0518875
0297e58178e3f37ecaa080f23a5efc20,Q14978,699,6.0904365,9.297152,2.4935544
ee1bb5e8b1621a649ee073ccfb5a8c01,Q07009,700,6.392452,12.041936,6.627632
d2da812806f95e8e72298d0d812e5e68,O15234,703,6.61601,7.0710387,6.3588104
8489f8d2dfe8a930da6b347e00fca38d,P00736,705,8.77298,9.389622,6.652768
15dd9da2101e1557829eab399f1fd70f,P27472,705,7.394068,12.055893,7.0656605
b2ecadce2b26178d4b837e2ce1c25236,D0PV95,708,6.8178306,6.4355493,4.6960793
c7b3c2a287e093bcc82d8a7315e53e16,P03070,708,5.3512087,12.281275,5.75984
cccae9e24cbc04418e3dd8f681afcc58,Q9IK91,709,5.525126,9.692897,5.249315
49350ec6dd02aabc8eb8cabc10476a4f,P02788,710,8.720922,10.36593,6.8187127
256033c5a5842a7b8ff571bf382e01ee,Q92945,711,6.9101467,6.52554,5.670502
39169059280f72333285438610721dd6,B9KDD4,712,9.479438,12.259839,8.150341
56d31a5fa99d1188f980ab4a5e8dcef8,P20239,713,8.356485,10.697965,6.103792
bec724bf65ce2146bf67c43b1625e8ce,P27321,713,6.326146,8.602069,3.6159291
a3f1202cb96bc571190db5f7149443d3,P39007,718,9.3509655,12.112526,8.328389
3eefe10de77c8217af7b067d20f6b2d5,P51023,718,5.1437073,7.039978,6.2227793
d736ce34b22b780f484d0131329c5dbd,Q51912,719,8.080435,9.458971,3.6700246
48f15f39227841a06cfcbcc1e97ff620,P42512,720,8.590965,10.0822,5.3924685
3c0b23162dcbee9a2c675fc613fd0964,P32499,720,5.2120857,7.4666233,3.7645814
d55a071b5370e5621b29975a6688fd2d,Q05344,723,6.1754885,10.222896,3.8780615
1461bb5c0af6c1a3aebae69669861fdd,P37330,723,7.921714,12.055159,6.9577694
376d48098135a46d1a4dfe7e97fa4b24,Q9NQI0,724,5.0574236,12.718331,7.435594
5fcafd869a5a794742e5d699000e29f8,P27986,724,4.903251,11.456998,5.7679224
c68e563546cfe0dcbb03437f79464bf4,P31016,724,4.444392,10.577083,7.1243215
9d36bbb33cbf005421e19c54a576b7cd,Q9ZPI5,725,6.7907467,13.203852,7.586846
78b79720816cb23d837a4c1445c87f66,O60563,726,4.3550844,8.016112,6.3526154
2f14c633e4fa6d22a35a8d91f0d10e0b,P52272,730,6.7524447,6.2027464,5.1861367
80abc9cd1d17278c7193551bd701a75e,P13010,732,5.941192,12.368441,5.661028
8669ae0016be6b982d1b8588edbbd913,P28698,734,5.1624813,8.355845,8.520595
b042873d6b5cb29dcaf26721af6c5995,Q15418,735,4.21899,11.660165,8.50815
dde1e38c1a68431e90dfa4250c9fe6fb,O00429,736,5.625303,13.772686,7.5059843
4d25f3e32aaa733ff397b4dfe2f668a6,P35611,737,6.2606506,10.051092,5.742174
50cae8990fe5ee486821d3d932eee126,Q9DBZ9,737,6.0587134,8.795176,9.019245
0a7b402a71231d48107259cfbf43d160,Q9UER7,740,5.412584,9.027506,7.708466
59ac637aa2471a16f90b658a418d9aef,P14448,741,6.9019575,10.654752,6.2820563
6a14c309d05457a971af94f6521dec08,O13828,741,4.218334,8.015028,5.973172
4be62394f7d70fda2ff1c4c1eb120344,P14859,743,5.397396,6.4082603,6.332575
e5d474057bb6fd608855d5c4bb2ab70e,G0S4M4,744,2.069063,9.83993,8.002306
1a7938462a561ab30db360aae60cd78e,Q9EPH0,744,8.3568735,12.491133,8.70226
6b234210507cf6ae2336d0f32b29e201,Q15910,746,6.5068526,11.203466,6.211033
2a15568b0eb8539ee69c1cff477d468b,P9WI73,750,6.3040376,10.918273,9.121206
a8eeb055c7fcf7b50915d09b23d0b181,P14736,754,6.7926607,11.927418,5.0671115
d3bfdaae8d9e4c7b1982ba514c7f4a6c,O43312,755,5.1911106,8.36622,6.991887
db094b889a37564881c77dc8d2df2a8f,Q9UJX4,755,2.0412276,9.906475,7.8199816
fe81b26a3d8796c10404d6d10915c3f5,P10688,756,5.7183847,11.852559,6.8990707
7911e311a28c83e4163d69cc48645357,P11387,765,6.409917,11.047133,4.2155027
0c37aad283de1f8ddcbeb2cfa6d41c39,Q9H1D0,765,7.0865345,11.508331,8.556386
7dd43312cd29a262acdc0517230bc5ca,P05067,770,7.222341,10.35388,5.6870313
e6006efd9665a7d55dc6c64efb772775,P12957,771,4.4301853,9.992873,3.6465278
741b7f26ef01e52718f9d1ed9c00fbec,Q02248,781,4.177161,12.040346,7.40888
4d870e6b805d5399dfa987366de42cc6,P08047,785,5.2613716,6.11451,6.069012
b6f5ce6b351355f88e2478cab29e3ffc,Q09161,790,4.4604435,11.58624,6.7182736
8b71f91e0250a24e12f8ab8d23745763,Q96T88,793,6.030203,10.690924,6.2600055
afb30d60ca4231849f973fcfc18ff116,P25644,796,4.607928,7.274658,5.5007186
2715e8d359ab847ee0c72c515c9ef0b9,Q9UBK2,798,4.6260624,8.918672,6.5617504
8dc11a7a57b4b6b29c689981fbf02e78,P05556,798,8.714673,9.830127,6.34787
403f01428be0cc0e823ff02dd0b51e78,P40136,800,8.024664,10.235064,4.176739
4a59a82d6599ed9bc437a352836ee5c2,Q5JJ98,804,5.1905417,13.031879,7.313047
23f86438c469f253aa6c43e64243668c,Q01853,806,5.395806,12.975222,7.863471
ee024b72d55fafc1a6aa7a72e5dc6348,A0A0H2W778,806,7.0222116,12.056456,5.821888
bda78fc7db3e04924b841372f510b485,Q04660,807,3.548333,11.304115,6.139525
5d733f6264797054e7f2daa324e78e95,P22059,807,5.796006,11.537187,6.539031
403f4249f3f3b155f76d7152a3f6ef88,Q03518,808,7.225142,12.2428665,9.525366
e4b43ef7f2f5a3519c2093a18ee5bb41,Q9UJX5,808,4.573039,12.099333,6.2775393
38ee3efcf71f7f48f80479ec3a897193,P00747,810,8.633527,9.729266,6.682747
f2a9a78457d75c129a40344dd83de989,Q0JRZ9,810,5.384317,9.971617,5.231658
bef896743d3ab81b02e2230c0ab38ca2,P19634,815,8.572673,12.298643,8.870262
8911abbcf1a8985a7c9105b82eb1d7aa,O35274,817,4.3940206,9.37956,5.784281
a77b4323e539c5ca3e1d9c35940ac4d8,Q9BUQ8,820,5.036759,12.726183,7.235402
e17519298267b7bbb97784b8bef2f0db,P22216,821,4.5454392,11.818825,7.9867945
eab586afee2ba87486c9da5e76110fc0,Q9UJX6,822,5.6635666,10.6688175,8.327284
cb949fe497df74b8a7eaf7868a5a7000,P14907,823,5.028533,7.100509,3.893536
9a9c1e94c3b0b00b67fc424945c9ab9e,O43313,823,4.146854,8.112425,6.610454
8b729926a8f3841b1758b11ffaa24e8f,P30260,824,1.8810555,9.921129,7.9378595
7c8ffc62a8eace231670d794453ae613,Q16665,826,4.1346536,9.782015,6.6394696
31a88b132561c25c6e19b27db9edf596,P11938,827,5.7941914,9.66844,4.9381332
e5e971b224b737636aebaad5215e9b93,Q99523,831,8.974256,10.455618,5.9596367
419945a5fe2d2b79fbc456c178a54e00,P10961,833,4.562133,7.6305895,5.5435057
31cafafc7d78dafbd1fe6fe4380a54c4,Q2JIZ5,834,6.3870206,12.292348,9.025883
a3d82cc097920b3017884a558a391e24,P97303,839,4.793358,8.700713,7.375261
7411ba3facfaf02f975abadb957ba27a,Q9I1X7,840,6.8140516,10.119898,8.957536
95d226964d891f978eacdb8d553bf5c3,P42226,847,5.5489144,9.904591,8.042366
0617f823368b939c701307874f89c983,P10388,848,6.998139,6.61877,5.9043956
f2502e832c1e1b1a7122511bb1179fb0,Q9NZ94,848,8.682697,11.460054,7.0682817
10affb07c44267e93e6a25683fb79e5e,P34021-2,849,5.232407,7.143441,6.7633677
7195ec2e62f4d21fb13d31fc044a1620,Q9QWH1,850,5.348195,6.555985,6.837238
5968889b169b8b019f9efa6e1365fbed,P52630,851,5.4185667,10.437835,7.4457517
189048b286418e385f990dc0848f319b,A0A0J9X1Q5,853,6.9186654,12.720441,8.312852
0140b3ec6cba5734a909c1d734e48ea0,A0A0H2ZP82,853,7.8423686,9.415554,4.1391687
dddd81aa639c9c538839c239d48f6417,Q96T21,854,4.817031,9.235057,6.125769
fe6c516055388ef0d8d7ab8b7dd60c45,O08785,855,5.227855,6.2600713,6.0580697
296f39735673ce7c45bf7390258b68f2,P04578,856,8.987566,10.543798,6.244487
f2bd911377c3ed8b88d8d87913f05479,Q9UKV8,859,7.6977143,11.470152,7.077579
2fa95af0f24f46a4393b630463a5e94f,P01130,860,8.615556,8.84011,6.904615
2a289ab176172404ffcf205bbf8a3399,O15169,862,5.988011,8.806041,7.766656
700381d156881ba334e0ec3d009cd3a0,P11171,864,5.271761,10.30516,5.955634
0672a7974be7c387568a628ef45fab8e,O65934,865,7.2035966,11.5980425,9.31325
9fc972d4ba47889dbebfbca7c4b5e3c2,O29867,868,9.308908,12.096443,7.9992695
04cfcc23fe543b512cef2e51224df99b,O55000,872,6.860536,7.035682,6.0786476
75831c50ec80536f1038ad05eecac58e,O76074,875,5.180932,12.327714,7.6362414
afa37159cbe29f59958880ecf5d4ccb1,P04386,881,4.3511767,11.165513,6.1367416
c5ea00ee761b0df12b58c0fe495b3f2a,P09803,884,9.04404,8.876153,5.8917174
6661e42b76599483a127a1fe3c7d0752,P0AFG8,887,7.68182,12.673549,6.8884745
2983337bb42f220bb5570a2ba6d623a6,O60741,890,8.268098,11.908152,9.131486
6f6f40f64da2de2fc664919ea765135c,Q62165,893,7.9335246,8.650162,6.2478185
f0f12574e32fd636ed4af5500409b9ee,Q92973,898,3.7053707,12.0757265,7.0365853
85edf0251c31793935b1cbc7e1765f51,Q9Z1X4,898,6.5455976,7.04214,5.5174303
e73eb4802c8a7d5a5700ad22f7610f08,P06437,904,8.506947,11.282428,6.6025457
46eb9796f111b17aac26ef31e8eba5a2,Q8WXE9,905,5.1999097,9.986888,7.106332
092e28386376d91e7393861588789d74,Q27974,910,5.140339,7.624528,5.564454
0fc0b14ab719affa50e864ff42e7b0f1,P02730,911,8.636939,11.973487,8.646697
a45361cf70a9407268a865c6692f0c09,Q05140,915,5.1647935,7.505564,4.86515
0e8126a2b4e057dff4e5e448802e64bf,P10275,920,5.5304103,8.630365,8.095387
dd07f145658e8063a5dbfaaa0ca3590b,P06400,928,4.799415,11.728938,6.132649
ecd4fe6bf5c9988837fcac5101559b6f,P06401,933,5.5952783,8.562051,8.429847
1672ed34367fadfe84e51aaf0f2548e9,O95644,943,5.6354995,7.7908583,7.699828
9e08a65bca1245100d5dbe59c79850ca,P39935,952,5.651143,8.959488,4.3589168
a4bd7261a6578bb7ad9869c952b816b1,Q9Y239,953,5.3235855,11.04062,7.771079
0ae240be070c1bde807455179909bb25,Q9NK80,956,8.89843,10.999197,6.7825356
92364eae8aabc9de759ade2e853eb7f0,P32504,956,4.817462,12.484711,5.842112
58a9478e099d43086915237c3b24f52e,Q02629,959,4.974222,7.0111957,4.2939
99252b158abeafc79ecc62609327249b,Q9Y5B0,961,6.174336,8.563119,8.021419
a7bedcc53366bb2f2e4cf968188d5886,P54936,961,4.682414,11.561994,8.130473
253d984e62b5b95edb213b357b63206d,Q96PU5,975,5.6119237,11.115912,6.7044272
f753f2b2d9752a30646c83e8630d1df8,P10721,976,9.037495,8.947053,5.935799
7b08d298b666825100f100aab7271f00,P06701,978,5.020771,12.065334,5.3934507
7d3f507c2ecb4f0bc0be391c0d447a54,P08235,984,4.643377,8.67563,6.8136535
066a9ff5215407e654e6a3e9e8e2af0d,O94316,984,6.385529,13.53152,7.107307
6e96419636425e3dd6342c7dbff37ec3,Q9Z0U4,991,8.709313,11.804039,7.717746
2e6193bbd6ed8045fd254f4b8a1d224f,A7UMX5,996,5.176867,8.377293,6.0680842
1c4777e2cdf0ec3d270fa37e0d15b3f8,Q6GX35,1005,8.041488,9.236858,4.3321347
209ced072fdcee819f31a060b2fc71eb,Q9UPR3,1016,5.200471,10.63997,7.828969
3ffb5edac9e7e1a551d93579359296b7,P14738,1018,8.032443,8.985644,3.9512048
278dd7c2ef3c4fb9b2b396328828f552,P09983,1023,8.299793,9.908272,4.181105
c4f89981b776404f1e5c6573b6d9c018,O14974,1030,4.6444325,9.077247,5.4883347
bed032ad8ab3f2a3795376b1bd0cbf03,P35729,1037,4.3149962,12.510492,6.0351796
10779a737243cd605f8f8546bc632d1f,A0A0G2JXC5,1038,5.016509,7.588311,6.818208
1e6544f1539195eeda77573e594ae6bf,Q07912,1038,5.3870897,9.092951,8.359053
ae92a8798487c33b5b87911cf908b9d2,P08514,1039,7.3954453,10.145998,8.097999
8a4b82b7bdaa838724846463d6dcd90e,Q02413,1049,8.923224,8.89555,6.026295
fad4f25221136ae6a866cc45ac3e1f1f,O60566,1050,4.650524,10.5331955,6.628355
109f167f3f7b47e1911de81173a61332,Q00944,1053,4.4934664,11.161397,7.838575
a8cee9c2716290eeb9ef3a76382cc58f,P21513,1061,6.171111,8.077779,5.2343707
8d7cba7f812d57d1e853e391682a5c4d,P49869,1073,5.044859,6.7682853,6.9261065
092d655d95f0bdd5b6e488533f3f3430,P47047,1073,5.289238,13.176433,7.103816
2712a798509e1cc6c51ddff2ad47dab4,P20676,1076,5.0599246,7.2804127,3.9653046
603e7dfdd1ad422fa7a33b126780b6c3,Q8IRG6,1083,6.3597703,11.649887,5.0325933
34f2a90c941f3284e21e9edbf5a86bcc,O00268,1085,5.6607914,7.0588465,6.4364295
e9960383ab467c5531c7f14efbd1b9a3,P32337,1089,3.7603705,12.077341,6.925004
d84611d31bcd977759e236946eebccb0,O14776,1098,5.811264,7.962464,5.3341227
8924404bb8075b49d450384f5f166932,Q93009,1102,6.205244,12.049554,6.4150324
c4b9a4472516cb16df49705836fabec8,Q6CMF0,1113,3.8734493,12.187429,6.808352
abd3e4e6a1ceb0fd15a47a070e563302,Q9VMA3,1117,5.0633674,6.950538,5.92787
363dce8c4c4a1109f749067d40b3e5aa,Q92540,1137,4.758773,7.438194,6.27779
203386e1877eac3ebfe4760f86c2908e,Q8WUM0,1156,4.717195,11.805242,6.587964
16c159e5756e46d17040f6ac74a59888,P36161,1157,4.34395,12.493974,5.896696
6ea6dc52d21e3511e32427790ae2c60b,Q98148,1162,6.5814004,8.154419,6.3722687
1eb14575c768906b355e256fcd29c11f,Q9Y613,1164,5.5638657,9.023636,8.397577
299d7a1f4cde7a011db061a783d250c1,Q53654,1183,8.374141,9.320925,3.8850105
e44fb684992b7961d56c5c2cd631bccf,P17120,1184,3.168801,10.919013,4.1976056
99cd7712eca5356d68529214751157ec,P55980,1186,7.8333406,9.809548,3.8369093
a6034f639b5935de9a24363712b38a9f,Q9NQC3,1192,5.7950706,8.256403,4.3905344
91e8ca2167df2cff37a6133b8e2bfcf7,Q9SLF3,1206,6.183901,9.147364,4.9945674
84706f0ee2a4d23ae4050036e62dac5d,P78504,1218,8.478532,8.936887,6.833411
c8a4ac0ae2f1060ae3db5c189bf65c8e,Q03834,1242,5.289946,12.427058,5.926288
b6f96e00e431ed3d84b21c194be06e17,Q00496,1251,8.373662,10.517647,4.721567
f3186ccf2c4b855aa9468be99413bc4c,P03315,1253,8.610169,10.801845,6.707507
d89a90920775435179a0d5281a800f78,P04626,1255,5.6446505,9.670808,8.425561
a07d49512f6d3b2ba36186b9e9d7a69d,P32004,1257,8.913372,8.746283,5.795747
30f93e6946c0ec1a7d595b99ce57dc18,Q6VMQ6,1270,4.485497,8.233963,5.808065
a79b487cd5107f825e788239663868e0,Q9HAU5,1272,4.880111,11.496849,5.186841
12879155b0250c53c0682c6e23715c3b,P38968,1273,4.426824,7.3014803,5.721139
7541da3181c433e962d0d426366452ec,P10686,1290,5.9564586,11.657041,6.8652453
f0f6ba1363d620fb154353dec2f16f3c,P08392,1298,6.4067025,9.322749,9.410952
d9de3c306c64854357eb38aa27dac7bf,Q9C0C7,1298,5.9845963,7.9603705,7.9318275
104b78e518abdd250a09664617076838,O75533,1304,3.8113534,11.982553,7.01669
d9d9824940a012c95b815bc462aa4a35,O86488,1315,8.445572,9.47327,3.9552162
2ca5d32c52961304d25b3ffd3792ff03,P49687,1317,4.911842,7.404486,4.334822
45e6fe5523f54be733efe03f0b3b0a87,P07248,1323,4.4161115,11.976518,5.9902444
72ea7f4f6c6ab2a7a6ed653a6172d3be,P80457,1332,7.3877196,13.2184925,7.280077
2b6c54798a6b178e5b71e59a8ac995cd,Q07889,1333,4.9260664,11.2499485,6.6994743
8dbafa77ef94052d86515e8d7fe1a6f3,O60885,1362,5.9071994,7.2639017,5.991287
c991de27faa0a2b9e393f4ce633a599a,Q5VZK9,1371,4.96858,10.959964,6.397716
5eb4d2c5afdda81779613f991eb80843,O95405,1425,4.615302,9.609227,6.708241
ad91a73495aa83a831375d13f5da6b42,P06786,1428,5.8019905,11.9433565,4.828823
3d26a66eebf57bd782725f5ca46f5260,Q8VHK2,1430,5.1464357,8.213541,7.0980735
65787a3488aa529ad0bb57c20c84f14a,Q14191,1432,5.1301837,12.592529,6.887539
54091a3260b45ae14bb6ce900bc70a04,P12497,1435,7.590947,12.126161,5.8695054
b2756739bfca635e2fbf8f1e6357a4d3,P40477,1460,5.2600846,7.698643,3.8902297
58e84708cdfec2ff87d6c9c1e9e679d3,Q15596,1464,5.4016943,6.4422793,6.014792
173f33f1d4c3e5545dc5c2e5ed80f0a0,Q9C000,1473,5.697487,10.428673,8.251407
d67b24fbb0917e52ecb9252bf258240d,P49790,1475,4.9631267,7.330828,4.0776734
f29b8c0a9056a0f7680f3290d259b6ac,P13569,1480,7.1501517,12.676325,9.083709
2d22df61c8ebfd7202eea4fea3036621,P32521,1480,5.271217,6.6962423,5.4977465
e4f8a767e000df2a8996c8f1902a5d42,Q01097,1482,6.297476,10.682199,6.6918845
79890c4bfb30697f52dbe88409cce3e0,P02458,1487,6.980949,7.4918246,6.648512
5d15187985a578d2ccccf85b6623e7e6,Q04656,1500,5.9496574,12.955408,8.217785
4acbf51e65e2a565d18534262a59fae0,O81283,1503,6.287557,8.532928,4.1024275
80b1dc696951ee9044014498f1469320,Q24298,1507,8.979158,8.796942,6.1607733
1c48a008a6791562d92c104890a7a512,Q05471,1514,4.7752233,12.993493,6.753006
d5c33f23aac2b5f510443652bcdc193d,Q8TEK3,1537,5.1806974,8.078397,7.3305984
74f7ace3a25804729276e8a0e47b783f,Q925J9,1575,4.69015,8.002267,6.3126044
63764524b95d1e98acd8832395c91565,P10071,1580,5.3003097,6.978772,7.1844363
2a201b7955eb6fbedb8bb7ddcfe5e06a,Q09427,1582,7.621613,12.488518,9.3361435
089c42cb6629d19361318b5f319aa852,P47054,1683,4.191524,12.276987,6.247066
9c6674203870c4eaa5a0121279d0f39e,P52179,1685,8.486773,8.83746,5.643684
2f30789518c0e727071543e87a0b7053,Q9HCJ0,1690,5.241352,6.8230343,5.79898
14e5d9dcd5efea5fb00ad9cbb57868f6,P29375,1690,5.373224,11.026849,6.7211294
0fa4e193394360bc83e72974d0df9e13,P84634,1702,5.3336205,12.699119,6.889275
50c7a756cece4cd16968f93f71575474,J7QLC0,1706,8.280746,10.009326,4.826333
a666654320a7c730140e51c2b6cceb2a,Q13029,1718,4.2817063,8.508197,6.925598
1103a37d2787db9a31a651ae399768b8,O17428,1807,7.908782,11.634574,5.9055557
d2c1c57767f1d2793be58d941090e125,P52948,1817,4.9679227,7.1538277,4.496996
dd7ac78a772f4aeb33e9dbfbe7fbbb09,P15146,1861,6.15485,8.203595,4.179852
e40f752dedf675e2f7c99142ebb2607a,P38398,1863,4.0682125,9.315419,6.3557405
267036d26a7baa185fe81479325e2ab7,P07293,1873,8.422382,12.240187,9.3587
8e62604fc9832048420d1c154ea057a1,Q9H2Y7,1883,4.1234446,9.094567,6.541897
ee71188a3777ccb1bc326e45778b2877,Q7X2A1,1889,8.779687,9.897155,4.319818
d33e62a9047e6dd89883077a900d4c6e,Q9SP32,1909,5.9593234,12.791128,6.891213
dd02f2d948f5bece5bd9bf2aee8e1fa7,P29539,1916,4.2594433,11.993269,6.02121
c72e8356ee4bcb67586eb3f32833db5c,Q2TAZ0,1938,6.034912,9.303177,8.717597
26b2fb413a6a38e809d5448fe3cfbdec,P08775,1970,5.3821926,7.755053,6.3589478
fd3d4c564445f6d2530de55c37337677,Q6URW6,2000,3.2042043,10.606856,4.577559
ee554a4214c58b78e3c079eead9bb7f6,P51123,2129,5.6746397,9.569704,5.3990645
1f9582ccfa4bcabbfc3574ddce7cab2f,P32639,2163,5.01904,12.8845005,6.6640525
233ed2a0b9906c9fb30adccbc633633b,O46385,2194,5.3053756,8.917821,6.3626666
4655b332cfefd50c5e861d8ad52a8e66,P27708,2225,6.937213,12.830588,8.021855
7e03887f55b66db7411fd3c7ef3caba0,Q00955,2233,7.108583,12.767679,6.616138
fba9a78eea202bc20d5d7d353de70687,Q8WYP5,2266,4.1982117,9.238964,6.342812
c64731d0c7e9b46d6785ebc300a32010,P12296,2293,8.216191,11.483727,6.7986984
3b04a9e9bd02f67db03f47385886478a,P03305,2332,7.8860164,12.013833,6.555488
8152a71e90ecc3d6fdbb8c4d2fd22b5f,Q8NG31,2342,4.131739,9.750524,6.3633733
ba6d682ab2b9477523054a1976b177dd,P02549,2419,3.386166,10.97464,4.30355
7369e7db94f24edb1c0954d6e97cd9ce,Q92793,2442,5.8307457,6.443688,6.107665
35f9070d4986ddf87785511f55cc9467,Q5XXP4,2474,7.5373693,11.898348,7.3070025
bf42b8b4e84e2b5d2624ad22e1f30f02,A5YV76,2512,6.5781026,11.979346,9.101731
7c5f6d18a9ac2bfb7ad791f7f2c52400,P26039,2541,3.3716502,11.086203,4.665237
3804777010fb8e332bdafeb7268cd14b,P46531,2555,7.8398314,8.573354,7.1041536
751c3a38c377d9a228438cf36427095e,P25054,2843,4.3847046,8.661698,6.393119
ceb5d9a673fd373c0077049a4e4c160d,Q69422,2864,8.343036,11.039829,7.5156918
455261f81887be7a3375cff17f1cf990,Q25733,2924,8.403666,10.088414,5.780943
5fee08b99008bd3ad21b01cd193d49a7,Q02388,2944,6.8044777,7.4238815,6.8643637
d51c131326ad8d95932f9fbb21fae6df,Q99IB8,3033,7.9326186,10.712197,8.1168785
9bddbf031f3963d579b1f1025cabf5e1,P51587,3418,4.0469594,9.7494335,6.238851
1edff89dd11abd88053a334446e61ff0,P05769,3434,8.526056,11.730276,7.06049
a07dd531488fcde260435a9a3ad43ead,Q03132,3567,6.6667023,11.3843775,9.381374
f90e5c53fc570d85e49f666ad445dcde,Q03164,3969,4.39395,8.50415,6.4373264
6d52439511fee0aec2394fd55b746265,P19711,3988,7.87099,12.120121,6.240254
5a1e47e193524567a0886ef6be8b4a2e,G4SLH0,18562,6.861305,8.359047,4.447353
0d885c1f78642f0ff70c19706e22dcdb,Q8WZ42,34350,7.8391204,8.69882,5.287222
